id,source,title,author,year,price,outcome,ch_row,decided_by,reason
47c4b5ffd396,manual,Elements of Therapeutics and Materia Medica,"Chapman, N.",1821,,already in CH,787,final_gate,"CH holds this work twice under Chapman, N.: r787 'Elements of Therapeutics and Materia Medica v 2 / 1824 / H.C. Carey and I. Lea / 3rd' and r788 'Discourses on the Elements of Therapeutics and Materia Medica / 1817 / James Webster / 1st'. B's item is the 2nd edition (1821, M. Cary & Sons) of that same Chapman work -- the title 'Discourses on...' was the 1st-edition form and was shortened to 'Eleme"
a377d4d2b810,manual,Flora Rustica,Thomas Martyn,1792,,INSERTED (missing from CH),,refuted_missing,"Searched ""Flora Rustica"", ""Rustica"", ""Martyn"", ""Nodder"" and ""Injurious in Husbandry"": the only Rustica row is r213 ""Medicina Rustica"" (Araujo) and the only Martyn-authored row is r2989 ""Linnaeuss System of Vegetables: 38 plates"" — neither is this work."
59f4063794c5,manual,Flora Medica,"Spratt, G.",1829,£400,INSERTED (missing from CH),,adjudicated,"CH's Flora Medica rows are other authors' works — r2808 ""Flora Medica A Botanical Account / Lindley, J. / 1838"" and r323/r326 ""The British Flora Medica / Barton, B.H. & T. Castle""; searching ""Spratt"" returns only r4397 ""Spratto, G."", so Spratt's 1829 Flora Medica is absent."
2b3983d6f061,manual,The Monthly Flora,,1846,,INSERTED (missing from CH),,refuted_missing,"Searched ""Monthly Flora"" (no matches) and the publisher/city; nothing in CH corresponds to a New York 1846 Lewis & Brown periodical flora."
fbc5ba4ca3b7,manual,Libellus de Materia Medica,"Boerhaave, Herman",1727,420,already in CH,508,adjudicated,"CH r508 ""Materia Medica: or a Series of Prescriptions / Boerhaave, H. / 1741 / W. Innys, R. Manby"" (and r507 ""Materia Medica / Boerhaave, H. / 1741 / English from last Latin Original"") is the English rendering of Boerhaave's Libellus de materia medica — same author, same work, different language/edition."
363e30583910,manual,A Greene Forest,John Maplet,1930,,excluded: duplicate of another B record,,adjudicated,
520391858e01,manual,Effects of ginkgo biloba extract on organic cerebral impairment,,1985,,already in CH,2776,refuted_inch,"r2776 'Effects of Ginkgo Biloba Extract on Organic cerebral Impairment / Libbery, J. & Co., Pub. / 1984 / John Libbey & Co., Ltd. / London' — identical distinctive title and same London Libbey imprint; CH put the publisher in the author column and B leaves author blank."
d223cde24717,manual,Handbook of the Bach flower remedies,Philip M. Chancellor,1971,,excluded: duplicate of another B record,778,refuted_inch,
22f97ebd2dbb,manual,"Shakespeare's son-in-law, John Hall, man and physician",Harriet Bloomfield Joseph,1964,,already in CH,2425,refuted_inch,"r2425 'Shakespeares Son-in-law: John Hall Man and Physician / Joseph, H. / 1964 / Archon Books' — same author surname, year and publisher; only punctuation differs."
de6a8416400f,manual,A History of Medicine,Henry E. Sigerist,1951,,excluded: duplicate of another B record,4269,refuted_inch,
0d6d3d54d0f6,manual,Wild edible mushrooms in the Blue Mountains,Catherine G Parks,1997,,INSERTED (missing from CH),,adjudicated,"The only ""wild edible mushrooms"" row is r3205 ""Biology Ecology and Social Aspects of Wild Edible Mushrooms in the Forests of the Pacific Northwest / Molina, Randy et al. / 1993"" — a different USDA title by a different author; no ""Blue Mountains"" or ""Parks"" row exists."
f5bd4fd79e31,manual,Mushrooms of the Northeastern United States and Eastern Canada,Timothy J. Baroni,2017,,excluded: duplicate of another B record,,adjudicated,
837b4210273c,manual,The observer's book of mosses and liverworts,Arthur L. Jewell,1964,,already in CH,2375,adjudicated,"CH r2375 ""Observers Book of Mosses & Liverworts / Jewell, A.L. / 1955 / Frederick Warne & Co."" is the same work by the same author; B's 1964 record is a later printing."
d1095076972a,manual,The Biology and cultivation of edible mushrooms,S. T. Chang,1978,,excluded: duplicate of another B record,,adjudicated,
3f3afadd9182,manual,A Dictionary Of The Economic Products Of India,George Watt,1890,,INSERTED (missing from CH),,adjudicated,"CH holds r4986 ""The Commercial Products of India / Watt, Sir George / 1908"" (a different, later work) and r689 Burkill's Malay Peninsula dictionary; Watt's Dictionary of the Economic Products of India itself is not listed."
71a2e74e00cc,manual,A Complete List of Shakespeare's Plants,G. Johnson,1915,,INSERTED (missing from CH),,adjudicated,"A full ""Shakespear"" sweep returns nine rows (r1395 Ellacombe, r2182 Holmesworthe, r2425 Joseph, r2507 Kerr, r3274 Moyes, r3981/r3987 Rohde, r4064 Ryden, r4116 Savage) — none is Johnson's 1915 Birmingham list."
e36a88930020,manual,"A Treatise of the Fossil, Vegetable, and Animal Substances, That Are Made Use of in Physick. Containing the History and Description of Them; with an Account of Their Several Virtues and Preparations. to Which Is Prefixed, an Enquiry into the C|onstituent Principles of Mixed Bodies, and the Proper Methods of Discovering the Nature of Medicines",Étienne François Geoffroy,1736,€145,already in CH,1699,refuted_missing,"CH r1699 ""A Treatise of the Fossil Vegetable and Animal Substances that are made use of in Physick"", Geoffory, S.; G. Douglas, Trans., 1736, London — same author (Geoffroy, spelled Geoffory), same year and city, subtitle dropped."
fed00fb44251,manual,The Universal Herbal,T. Green,1820,,already in CH,1831,refuted_inch,"r1831 'The Universal Herbal / Green, T. / 0.1823 / Caxton Press / 2nd revised edition / London' — same author, same Caxton Press 2nd revised edition; r1833 even carries B's full subtitle 'or Botanical Medical and Agricultural Dictionary 2 Vol'."
5db40a804db4,manual,The Practice of Curing Diseases,"Salmon, William",1694,£220,INSERTED (missing from CH),,adjudicated,"CH's Salmon entries are r4079 ""The English Herbal: or History of Plants / Salmon, W. / 1710"" and r4080 ""Pharmacopoeia Bateana / Salmon, W. / 1713""; ""Practice of Curing"" and ""Medendi"" return no matches."
48fa8d49c640,manual,Merck's 1907 Index.,Merck & Co,1907,,already in CH,3111,refuted_inch,"r3111 'Mercks 1907 Index / Merck & Co., pub. / 1907 / Merck & Co. / 3rd / New York' matches year, publisher and 3rd edition exactly."
73141aab6496,manual,"The New-England Farrier, and Family Physician ...","Jewett, Paul",1828,,already in CH,3899,refuted_inch,"r3899 'The New-England Farrier and Family Physician / Richardson, J. / 1828 / Josiah Richardson / 1st? / Exeter' — CH recorded the publisher Josiah Richardson in the author column; title, 1828 date and Exeter NH imprint all match Jewett's book."
b149a1c09a8c,manual,Chewa Medical Botany,Brian Morris,1996,,INSERTED (missing from CH),,refuted_missing,"Searched ""Chewa"", ""Malawi"", ""Morris"" and ""Herbalism"": the Morris rows are r3236 Gardens of China, r3237 Essentials of Materia Medica, r3238 Herb Gardens in America, r3239/r3240 A Practical Guide for the Home Gardener — no Brian Morris Malawi title."
397b67846366,manual,Flora Rustica,Thomas Martyn,1792,,excluded: duplicate of another B record,,refuted_missing,
8cc7aeb042c4,manual,Fauna and Flora of the Bible,United Bible Societies,1980,,already in CH,4804,refuted_inch,r4804 'Fauna and Flora of the Bible / United Bible Societies / 1980 / United Bible Societies / London' is a literal match (accepted row r949 is the same work with the committee spelled out).
94dc8696bdc4,manual,Organic Free Range Chicken Broth,,,,excluded: not a book,,refuted_missing,"grocery product (extra.product_type = food, Trader Joe's)"
6cfaae3c2873,manual,Kombucha,,,,excluded: duplicate of another B record,,refuted_missing,
88ece9b8c393,manual,Simply the Best Mashed Potatoes,,,,excluded: duplicate of another B record,,refuted_missing,
9874bd74000e,manual,Organic Free Range Chicken Broth,,,,excluded: duplicate of another B record,,refuted_missing,
1a467898de95,manual,Letters to Malcolm,Clive Staples Lewis,1963,,INSERTED (missing from CH),,refuted_missing,"Searched ""Malcolm"", ""Letters to"", ""Prayer"" and ""Lewis, C"": the only Lewis, C. row is r2754 ""New Pronouncing Dictionary of Plant Names"" — not C. S. Lewis."
5e5ad2928160,manual,The Help,Kathryn Stockett,2009,,INSERTED (missing from CH),,refuted_missing,"Searched ""Stockett"" and an anchored title match on ""(The) Help"" — no matches; CH holds no modern general fiction of this kind."
4a0d5381f933,manual,Rules of Civility,Amor Towles,2011,,INSERTED (missing from CH),,refuted_missing,"Searched ""Rules of Civility"", ""Civility"" and ""Towles"" — no matches in CH."
a65f7f5e053c,manual,The Man Who Mistook His Wife for a Hat,Oliver Sacks,1985,,INSERTED (missing from CH),,refuted_missing,"Searched ""Mistook"", ""Clinical Tales"", ""Sacks"" and ""Oliver Sacks"" — all returned no matches."
f0034044aa39,manual,The Invisible Man,H. G. Wells,1897,,INSERTED (missing from CH),,refuted_missing,"Searched ""Invisible Man"", ""Wells, H"" and an anchored title match — no matches in CH."
d1aaa9b8a417,manual,Simply the Best Mashed Potatoes,,,,excluded: not a book,,refuted_missing,grocery product (Trader Joe's label captured as publisher)
28a2437fb035,manual,Organic Soy,,,,excluded: not a book,,adjudicated,"grocery product (soy milk carton, 946 mL container_volume)"
e3c5cedebb22,manual,The Invisible Man,H. G. Wells,,,excluded: duplicate of another B record,,refuted_missing,
cfe2ed0d8eb6,manual,The Sacred Mushroom and the Cross,John M. Allegro,,,excluded: duplicate of another B record,68,refuted_inch,
ce7f1845c0c8,manual,The Peyote People,Stacy B. Schaefer; Peter T. Furst,1996,,already in CH,4130,refuted_missing,"CH r4130 ""People of the Peyote"", Schaeffer, S. and P. Furst, 1996, University of New Mexico Press, Albuquerque — same authors, year, publisher and city; the title words are simply inverted."
593a5c62b3f4,manual,The October Country,Ray Bradbury,1955,,INSERTED (missing from CH),,refuted_missing,"Searched ""October Country"" and ""Bradbury"": the Bradbury hits are all the London printer Bradbury & Evans (r2799, r2804, r2806, r3568, r3569), not Ray Bradbury."
4f1290ad5518,manual,Emma,Jane Austen,1959,,INSERTED (missing from CH),,refuted_missing,"Searched ""Austen"" and an anchored title match on ""Emma"" — no matches in CH."
f6f395920a9f,manual,The Lucky Lawyer,Miguel A. Hernandez,2023,,INSERTED (missing from CH),,refuted_missing,"Searched ""Lucky Lawyer"", ""Lawyer"", ""Hernandez"" and ""Memoir"" — the only Memoir-family hits are r84/r180 Memoirs of learned societies and r2269/r2270 Memoirs of a Captivity Among the Indians; nothing matching."
06b9fc890bdd,manual,The Man Who Mistook His Wife for a Hat,Oliver Sacks,1985,,excluded: duplicate of another B record,,refuted_missing,
58886330f3ea,manual,The Sacred Mushroom and the Cross,John M. Allegro,1970,,already in CH,69,refuted_inch,"B's 1970 1st edition matches r69 'The Sacred Mushroom & the Cross / Allegro, J.M. / 1970 / Doubleday & Co. / Garden City, NY' even more closely than the accepted r68 Bantam printing."
d31ea223e5e3,manual,Hallucinogenic Plants of North America,Jonathan Ott,1976,,already in CH,3498,refuted_inch,"r3498 'Hallucinogenic Plants of North America / Ott, Jonathan / 1976 / Wingbow Press / 1st / Berkeley' matches author, year, publisher and city exactly."
e1b0b586d8ff,manual,The Peyote People,Stacy B. Schaefer; Peter T. Furst,1996,,excluded: duplicate of another B record,4130,refuted_missing,
b146bb738e93,manual,The Sacred Mushroom Seeker,,1990,,already in CH,3912,refuted_inch,"r3912 'The Sacred Mushroom Seeker / Riedlinger, T.J., ed. / 1990 / Dioscorides Press / Portland, OR' — distinctive title, same year and publisher; B simply leaves the editor blank."
4b7050ba024d,manual,The Seven Sisters of Sleep,Mordecai C. Cooke,1989,,already in CH,976,refuted_inch,"r976 'The Seven Sisters of Sleep / Cooke, M.C. / 1989 / Quarterman Publications' matches author, year and publisher."
2761b5e289a8,manual,Opium Poppy,L. D. Kapoor,1995,,already in CH,2449,refuted_inch,"r2449 'Opium Poppy / Kapoor, L.D. / 1995 / Haworth Press' matches author, year and publisher; B only adds the subtitle 'Botany, Chemistry, and Pharmacology'."
1e4540e5745b,manual,Peyotism,Omer C. Stewart,1944,,already in CH,4483,refuted_missing,"CH r4483 ""Washo-Northern Paiute Peyotism A Study in Acculturation Vol 40 #3"", Stewart, Omer C., 1944, University of California Press, Berkeley — identical author, year, publisher, city and volume; CH just carries the fuller title."
eeccc262d803,manual,Washo-Northern Paiute Peyotism,Omer C. Stewart,1944,,already in CH,4483,adjudicated,"CH r4483 ""Washo-Northern Paiute Peyotism A Study in Acculturation Vol 40 #3 / Stewart, Omer C. / 1944 / University of California Press"" is the same work with the subtitle attached."
72aeaf01ae4f,manual,Drugs of Hallucination,Sidney Cohen,1965,,already in CH,922,refuted_inch,"r922 'Drugs of Hallucination / Cohen, S. / 1964 / The Scientific  Book Club' — same author and title, a different British printing/year of the same work."
395e893898af,manual,The Wondrous Mushroom,R. Gordon Wasson,1980,,already in CH,4968,refuted_inch,"r4968 'The Wondrous Mushroom / Wasson, R. Gordeon / 1980 / McGraw-Hill Book Co.' — same author (surname misspelt), year and publisher."
4de90914c3e9,manual,Peyote,Edward F Anderson,1980,,already in CH,134,refuted_missing,"CH r134 ""Peyote The Divine Cactus"", Anderson, E.F., 1980, The University of Arizona Press, Tucson, AZ — exact match on author, year, publisher and city."
dd69b6a39149,manual,Pharmacotheon,Jonathan Ott,1993,,already in CH,3497,adjudicated,"CH r3497 ""Pharmacotheon x000D Entheogenic drugs their plant sources and history / Ott, Jonathan / 1993 / Natural Products Cp/ / Kennewick, WA"" is the identical book; the crude matcher missed it because of the embedded x000D."
843716fdc858,manual,The Biochemical Basis of Neuropharmacology,Jack R. Cooper; Floyd E. Bloom; Robert H. Roth,1991,,already in CH,986,refuted_inch,"r986 'The Biochemical Basis of Neuropharmacology / Cooper, J., F. Bloom, and R. Roth / 1991 / Oxford Univ. Press' matches all three authors, year and publisher."
ba9d1aaf0078,manual,A Native Drawing of an Hallucinogenic Plant from Colombia,Richard Evans Schultes; Alec Bright,1977,,INSERTED (missing from CH),,refuted_missing,"Searched ""Native Drawing"", ""Botanical Museum Leaflets"", ""Bright, A"" and reviewed every ""Schultes"" row (r4167-r4172: Where the Gods Reign, Journals of Hipolito Ruiz, Plants of the Gods, Vine of the Soul, The Healing Forest) — this 1977 offprint is not among them."
8d85268ad2f0,manual,Therapeutic Uses of Cannabis,British Medical Association,1997,,already in CH,606,refuted_inch,r606 'Therapeutic Uses of Cannabis / British Medical Association / 1997 / Harwood Academic PUblishers' is an exact match apart from a typo.
d6e624ea813d,manual,Altered States of Consciousness,Charles T. Tart,1975,,already in CH,4565,refuted_inch,"r4565 'Altered States of Consciousness / Tart, C. / 1969 / Doubleday' — same editor and distinctive title; B's 1975 Doubleday Anchor is a later printing of the same reader."
cf36bda37292,manual,Hemp for Health,Chris Conrad,1997,,already in CH,956,refuted_missing,"CH r956 ""Hemp for Health The Medicinal and Nutritional Uses of Cannabis sativa"", Conrad, Chris, 1997, Healing Arts Press, Rochester — exact match including subtitle."
7d2d6c8d87db,manual,"Cocaine, Marijuana, Designer Drugs",Kinfe K. Redda; Charles A. Walker; Gene Barnett,1989,,already in CH,3849,adjudicated,"CH r3849 ""Cocaine Marijuana Designer Drugs: Chemistry Pharmacology and Behavior / Redda, K.K. et al. / 1989 / CRC Press / Boca Raton"" matches title, author, year and publisher exactly."
1ef481e1238c,manual,Phantastica,,,,excluded: duplicate of another B record,,refuted_missing,
b028401092b7,manual,Drugs and Narcotics in History,Roy Porter; Mikuláš Teich,1995,,already in CH,3717,refuted_inch,"r3717 'Drugs and Narcotics in History / Porter, R. and M. Teich, eds. / 1995 / Cambridge University Press' matches both editors, year and publisher."
6e15cdb95562,manual,The Beyond Within,Sidney Cohen,1964,,already in CH,924,adjudicated,"CH r924 ""The Beyong Within The LSD Story / Cohen, S. / 1966 / Atheneum"" is the same book (CH's ""Beyong"" is a typo for ""Beyond""); B's 1964 is the first printing."
f28372ef2e7b,manual,Hallucinogenic Drug Research,James R. Gamage; Edmund L. Zerking,1970,$6.50,already in CH,1659,adjudicated,"CH r1659 ""Hallucinogenic Drug Research: Impact on Science & Society / Gamage, J.R. & E.L. Zerkin / 1970 / Stash Press / Beliot, WI"" matches title, authors, year, publisher and city."
c7d88febb417,manual,Marihuana-Hashish Epidemic and Its Impact on United States Security,,1975,$35,already in CH,195,refuted_inch,"r195 'Marihuana-Hashish Epidemic and Its Impact on United States Security / Anonymous / 1975 / U.S. Gov't Printing Office' — identical distinctive title, year and issuing body; both sides lack a personal author."
1de98ff8561d,manual,Hallucinogenic Plants of North America,Jonathan Ott,1979,,already in CH,3498,refuted_inch,"r3498 'Hallucinogenic Plants of North America / Ott, Jonathan / 1976 / Wingbow Press' — same work by the same author; B's 1979 Revised is a later edition, and CH also duplicates it at r3496."
01634760ad56,manual,Psychotropic Drugs,Norman L. Keltner; David G. Folks,1992,,already in CH,2496,refuted_inch,"r2496 'Psychotropic Drugs / Keltner, N.L. and D.G. Folks / 1993 / Mosby-Year Book, Inc. / 1st' — same two authors, same 1st edition, one year apart."
5fcde8dab222,manual,Phantastica,Louis Lewin,1931,$125,already in CH,2752,refuted_missing,"CH r2752 ""Phantastica Narcotic and Stimulating Drugs"", Lewin, L., 1931, E.P. Dutton & Co., 1st American, New York — same work, subtitle slightly shortened."
56b3649855ee,manual,Peyote,Alice Marriott; Carol K. Rachlin,1971,$25.80,already in CH,2968,refuted_missing,"CH r2968 ""Peyote an account of the origins and growth of the peyote religion"", Marriott, A. and C. K. Rachlin, 1971, Thomas Y. Crowell, New York — exact match on authors, year, publisher and city."
b797933575da,manual,Marihuana Reconsidered,Lester Grinspoon,1971,,INSERTED (missing from CH),,adjudicated,"The only Grinspoon row is r1867 ""Marihuana the Forbidden Medicine / Grinspoon, L. and J.B. Bakalar / 1993 / Yale University Press"" — a different, later book; ""Reconsidered"" returns no other match."
28ac864d1a5c,manual,Licit and Illicit Drugs,Edward M. Brecher,1972,$4.95,already in CH,580,refuted_inch,"r580 'Licit and Illicit Drugs / Brecher, E.M. / 1972 / Little, Brown & Co.' matches author, year and publisher exactly."
c9f797b2139d,manual,The Drug Experience,David Ebin,1961,$35,INSERTED (missing from CH),,adjudicated,"Searches for ""Ebin"", ""Drug Experience"", ""Orion Press"" and ""Addicts"" all return nothing; the sole candidate was r362 ""The Druggists General Receipt Book / Beasley, H."", an unrelated work."
4eb6364a0abd,manual,Hallucinogens and Culture,Peter T Furst,1976,$22.80,already in CH,1648,refuted_inch,"r1648 'Hallucinogens and Culture / Furst, P.T. / 19761922 / Chandler & Sharp Publishers, Inc.' — same author and publisher; CH's year field is a corrupted '1976'."
b59478cf1393,manual,Hallucinogenic Drugs and Their Psychotherapeutic Use,Richard Crocket; R. A. Sandison; Alexander Walk,1963,£6.50,already in CH,1063,refuted_inch,"r1063 'Hallucinogenic Drugs and their Psychotherapeutic Use / Crocket, R. et al, eds. / 1961 / H.K. Lewis & Co., Ltd.' — same lead editor and publisher, same symposium volume."
aa5a086d2fcb,manual,Hallucinogens and Shamanism,Michael J. Harner,1973,,already in CH,1989,refuted_inch,"r1989 'Hallucinogens and Shamanism / Harner, M.J., ed. / 1973 / Oxford University Press' matches editor, year and publisher exactly."
7b47f4fd0b22,manual,Absinthe,Barnaby Conrad III,1988,$10,already in CH,955,refuted_missing,"CH r955 ""Absinthe History in a Bottle"", Conrad, Barnaby, 1988, Chronicle Books, San Francisco, CA — same work (CH omits the ""III"" suffix on the author)."
f72d73b6c89c,manual,Kindly Medicine,John S. Haller,1997,$35,already in CH,1943,refuted_inch,"r1943 'Kindly Medicine / Haller, J.S. / 1997 / Kent State Univ. Press' matches author, year and publisher; B only adds the subtitle."
f3a907c608d7,manual,Trees and Shrubs,James R. Anderson,1937,$50,already in CH,138,adjudicated,"CH r138 ""Trees and Shrubs x000D Food Medicinal and Poisonous Plants of British Columbia / Anderson, J.R. / 1937 / Department of Education / Victoria, B.C."" is the identical book; the matcher missed it because of the x000D-mangled subtitle."
5dbe98dbfe6f,manual,The Complete Book of Mushrooms,,1974,,already in CH,3922,refuted_inch,"r3922 'The Complete Book of Mushroomsq / Rinaldi, A. and V. Tyndalo / 1974 / Crown Publishers / 1st English' — same year, publisher and 1st English edition; B leaves the authors blank but the title, date and Crown imprint pin it down."
cacccddcca02,manual,Ciba Symposia,,1944,,already in CH,4008,refuted_inch,"r4008 'Ciba Symposia / Rosen, B., ed. (Caspari-Rosen) / 1944 / Ciba Pharmaceutical Products, Inc. / Summit, NJ' carries no volume number and the same 1944 date and Summit imprint as B's vol 6, so CH is not listing volumes separately here (its one volume-specific row, r4012, is Vol 5 No 12)."
99899d789f63,manual,The Observer's Book of Mosses and Liverworts,Arthur L. Jewell,1955,,already in CH,2375,adjudicated,"CH r2375 ""Observers Book of Mosses & Liverworts / Jewell, A.L. / 1955 / Frederick Warne & Co. / 1"" matches author, year and publisher exactly (only ""The"" and the ampersand differ)."
393f4853c1fe,manual,The Midwest Pioneer,Madge E. Pickard; R. Carlyle Buley,1946,$35,already in CH,3660,refuted_inch,"r3660 'The Midwest Pioneer / Pickard, M.E. & R.C. Buley / 1946 / Henry Schuman' matches both authors, year and publisher."
be42b34cfbe4,manual,Handbook of the Bach Flower Remedies,Philip M. Chancellor,1971,$20,already in CH,778,refuted_inch,"r778 'Handbook of the Bach Flower  Remedies / Chancellor, P. M. / 1971 / C.W. Daniel Co. Ltd. / London' matches author, year, publisher and city."
5f74f92340c5,manual,Reishi Mushroom,Terry Willard,1990,,already in CH,5080,refuted_missing,"CH r5080 ""Reishi Mushroom Herb of Spiritual Potency and Medical Wonder"", Willard, T., 1990, Sylvan Press, Issaquah, Wash. — exact match on title, author, year, publisher and city."
3072e812cf17,manual,The Virtues of Herbs,Arne Zettersten,1967,,already in CH,5242,adjudicated,"CH r5242 ""The Virtues of Herbs in the LOscombe Manuscript / Zettersten, A. / 1967 / CWK Gleerup Lund"" is the same work with the subtitle run into the title."
3877b6a8efb2,manual,Newsletter,,1992,,INSERTED (missing from CH),,refuted_missing,"Searched ""Newsletter"" (no matches) and ""Classical Studies"", whose only hit is r4664 ""Garden Lore of Ancient Athens"" (American School of Classical Studies at Athens) — a different institution and a monograph, not this UPenn newsletter."
3b9f720cae0d,manual,Poisonous Plants,James W. Hardin,1961,$8,already in CH,1972,adjudicated,"CH r1972 ""Poisonous Plants of North Carolina / Hardin, J.W. / 1961 / Agricultural Experiment Station / Raleigh, N.C."" matches title, author, year, publisher and city."
c799933279e2,manual,Poisonous Plants on the Farm,H. C. Long,1927,,already in CH,2857,refuted_inch,"r2857 'Poisonous Plants on the Farm / Long, H.C. / 1927 / Ministry of Agrculture & Fisheries' — same author, title and year; CH names the issuing ministry where B names HMSO as printer of the same bulletin."
7626fcff4b23,manual,Dangerous Plants,John Tampion,1977,$20,already in CH,4556,refuted_inch,"r4556 'Dangerous Plants / Tampion, J. / 1977 / Universe Books' matches author, year and publisher exactly."
5d460d366900,manual,Shakespeare's Son-in-law,Harriet Joseph,1976,,already in CH,2425,adjudicated,"CH r2425 ""Shakespeares Son-in-law: John Hall Man and Physician / Joseph, H. / 1964 / Archon Books"" is the same work by the same author; B's 1976 is a later printing."
06938a2a0d5b,manual,A Selection of Primary Sources for the History of Pharmacy in the United States,Nydia M. King,1987,,already in CH,2539,refuted_inch,"r2539 'A Selection of Primary Sources for the History of Pharmacy in the United States / King, N.M. / 1987 / American Institute of the History of Pharmacy' matches author, year and publisher exactly."
c1ec192e928b,manual,Poisonous Plants and Fungi,Pamela North,1967,£7.50,INSERTED (missing from CH),,adjudicated,"No ""North, P"" author row and no ""Plants and Fungi"" title; CH's Blandford rows are r1510 Fernando's ""Alchemy"" and r2290 ""Mushrooms and Toadstools / Hvass"", and the top candidate r3401 ""Poisonous Plants and Animals / Nellis, D.W."" is a different book."
af6a50abc1d0,manual,Epitome of the Pharmacopeia of the United States and the National Formulary,A. W. Hewlett; Torald Sollmann; M. I. Wilbert; W. A. Puckner,1924,$30,already in CH,2102,refuted_inch,"r2102 'Epitome of the Pharmacopeia of the United States and the National  Formulary / Hewlett, A.W. et al. / 1924 / American Medical Association' matches lead author, year and publisher."
49b874664ada,manual,An Epitome of Therapeutics,W. Domett Stone,1874,£15,already in CH,4508,refuted_inch,"The accepted row r5202 is 'An Epitome of Therapeutics / Wyeth & Brother / 1901 / John Wyeth & Brother' — a DIFFERENT author's book on the same generic title — but CH does hold Stone at r4508 'An Eptiome of Therapeutics / Stone, W.D. / 1874 / Smith, Elder & Co. / London', an exact match for B."
8192cf07c54f,manual,Vascular Plants of the Pacific Northwest,C. Leo Hitchcock; Arthur Cronquist; Marion Ownbey; J. W. Thompson,1964,,INSERTED (missing from CH),,adjudicated,"Searches for ""Vascular Plants of the Pac"" and ""Ownbey"" return nothing; the only Hitchcock C.L. row is r2140 ""Flora of the Pacific Northwest / Hitchcock, C.L., & Cronquist, A. / 1978"", the separate one-volume condensation, not the five-volume Vascular Plants."
66717fca6558,manual,Vascular Plants of the Pacific Northwest,C. Leo Hitchcock; Arthur Cronquist; Marion Ownbey; J. W. Thompson,1969,,INSERTED (missing from CH),,adjudicated,"Same sweep as vol. 2 — CH's only Hitchcock/Cronquist Northwest title is r2140 ""Flora of the Pacific Northwest"" (1978), a different work; no Vascular Plants volume is listed."
ea6ba4449c5d,manual,Vascular Plants of the Pacific Northwest,C. Leo Hitchcock; Arthur Cronquist; Marion Ownbey; J. W. Thompson,1961,,INSERTED (missing from CH),,adjudicated,"Same sweep as vols. 1 and 2 — the full ""Pacific Northwest"" listing (r872, r2140, r3205, r3696, r4478, r4666, r4776) contains no Vascular Plants of the Pacific Northwest row."
c6ca5cfc12eb,manual,Mushrooms of the Northeastern United States and Eastern Canada,Timothy J. Baroni,2017,,INSERTED (missing from CH),,adjudicated,"Same book as B's other Baroni copy; ""Baroni"" returns nothing and CH's nearest holding is r3702 ""Mushrooms of Eastern Canada and the United States / Pomerleau, Rene / 1951"", a different author's book."
070d7fb12c0b,manual,Johnson's Therapeutic Key,I. D. Johnson,1890,$8.50,already in CH,2396,refuted_inch,"r2396 'Johnsons Therapeutic Key / Johnson, I.D., M.D. / 1896 / Hahnemann Publishing House / 16th' — same author, same 16th edition, a later printing of the same work."
38e1b5556430,manual,International Journal of Medicinal Mushrooms,Solomon P. Wasser,2003,,INSERTED (missing from CH),,adjudicated,"""Wasser"" and ""International Journal"" return nothing; CH's medicinal-mushroom rows are r2145 ""Medicinal Mushrooms / Hobbs, C."" and r4415 ""Mycomedicinals / Stamets, P."" — unrelated monographs, not this journal volume."
b337dbfc0faf,manual,Just Mushrooms,Michelle Russell; Camille Degabrielle,,,INSERTED (missing from CH),,refuted_missing,"Searched ""Just Mushrooms"", ""Future of Food"", ""Degabrielle"" and ""Russell, M"" — no matches in CH."
95fad31818a7,manual,The Fungal Pharmacy,Robert Rogers,2011,,INSERTED (missing from CH),,refuted_missing,"Searched ""Fungal Pharmacy"", ""Rogers"", ""Lichens of North America"" and ""Medicinal Mushrooms and Lichens"": the only ""Fungal"" rows are r56/r57 Ainsworth's The Fungi and r2475 Plant and Fungal Toxins; no Robert Rogers title exists in CH."
6f02625dc4c1,manual,The Mushroom,,2022,,INSERTED (missing from CH),,adjudicated,"""Mycology Press"" returns no rows, and the matcher's two ""ok"" hits are distinct named-author books — r2971 ""The Mushroom Book / Marshall, N.L. / 1913 / Doubleday"" and r2642 ""The Mushroom Book / Laessoe, T. et al. / DK Publishing"" — neither is a 2022 Hove imprint; B's record is thin (no author), hence medium."
f86958107cb7,manual,The Agaricales,Harry D. Thiers,1985,,excluded: duplicate of another B record,,refuted_missing,
11448878ae35,manual,The Agaricales,Harry D. Thiers,1985,,INSERTED (missing from CH),,refuted_missing,"The only Agaricales row in CH is r4644 'The Agaricales of California 1 Amanitaceae' (Thiers, H.D., 1982, Mad River Press) — CH names the volume explicitly, so it holds vol. 1 only; greps for 'agaricales', 'gilled fungi', 'Mad River', 'Thiers' and the series family names (Cantharellaceae/Hygrophoraceae/Gomphidiaceae) returned no vol. 3."
5ebbc755e6c1,manual,The Agaricales,Harry D. Thiers,1985,,INSERTED (missing from CH),,refuted_missing,"Same as vol. 3 — CH's sole series row r4644 'The Agaricales of California 1 Amanitaceae' (Thiers, 1982) identifies volume 1 by name; 'agaricales', 'Mad River', 'Thiers', 'gilled fungi' greps surfaced no further volumes."
ccf9ffd9d91d,manual,The Agaricales,David L. Largent,1985,,INSERTED (missing from CH),,refuted_missing,"CH's only Agaricales row is r4644 '...1 Amanitaceae' (Thiers); the two Largent rows CH does hold are r2666 'Entolomatoid Fungi of the Western United States and Alaska' and r2667 'How to Identify Mushrooms to Genus I', both different works."
1058b51ee1bb,manual,Synopsis of the Section Apus of the Genus Polyporus,C. G. Lloyd,1915,,already in CH,2832,refuted_inch,"r2832 'Synopsis of the Section Apus of the Genus Polyporus / Lloyd, C.G. / 1915 / Lloyd Library' — highly distinctive title, same author and year."
fdb8d9e49124,manual,Second Annual International Symposium on Medicinal Mushrooms,,2000,,INSERTED (missing from CH),,refuted_missing,"Greps for 'symposium' (8 rows, all unrelated — e.g. r165 'Proceedings of the 4th International Ginseng Symposium'), 'medicinal mushroom' (only r2145 Hobbs and r4415 Stamets) and 'mycology research' returned nothing matching."
e6b7dde8d7e3,manual,Some Common Mosses of British Columbia,W. B. Schofield,1969,,already in CH,4154,adjudicated,"CH r4154 ""Some Mosses of British Columbia / Schofield, W. B. / 1969 / British Col.Prov.Museum"" is the same work with ""Common"" dropped — same author, year and museum publisher."
79c1d4f540ba,manual,Mycomedicinals,Paul Stamets; C. Dusty Wu Yao,2002,,already in CH,4415,refuted_missing,"CH r4415 'Mycomedicinals: An Informational Booklet on Medicinal Mushrooms' (Stamets, P., 1998, Fungi Perfecti, Olympia, WA) is the same work, an earlier edition with the subtitle worded 'Booklet on Medicinal Mushrooms' rather than 'Treatise on Mushrooms'."
247bb6944ce5,manual,Development of the Carpophores of Certain Boletaceae,R. P. Elrod; Walter H. Snell,1940,,INSERTED (missing from CH),,refuted_missing,"Greps for 'snell', 'carpophor', 'elrod' and 'mycologia' all returned no rows; the only 'snell' hit is r2273 publisher 'The Snelling Printing Works'. CH holds no Snell offprints at all."
0114708d777c,manual,Samuel Chester Damon II,Walter H. Snell,1953,,INSERTED (missing from CH),,refuted_missing,Greps for 'damon' and 'snell' returned nothing (only r2273 'The Snelling Printing Works' as a publisher); no biographical/memorial row of this kind exists in CH.
b476103e8fe2,manual,Development of the Carpophores of Certain Boletaceae,R P Elrod; Walter H Snell,1940,,excluded: duplicate of another B record,,refuted_missing,
2af88a029c8c,manual,The Genera of the Boletaceae,Walter H. Snell,1941,,INSERTED (missing from CH),,adjudicated,"""Snell"" matches only r2273 ""The Snelling Printing Works"" (a publisher) and ""Mycologia"" returns nothing; CH's bolete holdings are other works (r490/r491 Blum ""Les Bolets"", r649/r1875 ""Nova Scotian Boletes"", r928 Coker ""The Boleti of North Carolina"", r3259 Moser)."
eec7ab30f8c2,manual,Notes on Boletes. IV,Walter H. Snell,1936,,INSERTED (missing from CH),,adjudicated,"Grepping ""bolet"" returns only r490/r491 Les Bolets, r649/r1875 Nova Scotian Boletes, r928 The Boleti of North Carolina and r3259 Keys to Agarics and Boleti — no Snell ""Notes on Boletes"" series anywhere, and ""Snell"" matches only r2273's Snelling Printing Works."
765ab8052818,manual,Notes on Boletes,Walter H. Snell,1936,,INSERTED (missing from CH),,adjudicated,"Same searches: no CH row contains ""Notes on Bol""; the nearest ""Notes on"" rows are r4482 Notes on Pomo Ethnogeography and r4933 Notes on Pharmacognosy, unrelated works."
c692d733d27e,manual,Notes on Boletes,Walter H. Snell; Rolf Singer; Esther A. Dick,1959,,INSERTED (missing from CH),,adjudicated,"No Snell/Singer/Dick bolete papers in CH — the complete ""bolet"" hit list (r490, r491, r649, r928, r1875, r3259, r3612) contains no part of this numbered series."
111c29e871c7,manual,Notes on Boletes,Walter H. Snell; Esther A. Dick,1941,,INSERTED (missing from CH),,adjudicated,Absent for the same reason as the other Notes on Boletes parts; CH's only Snell-adjacent bolete titles are Nova Scotian Boletes (Grund/Brund) and The Boleti of North Carolina (Coker).
d4db2f3ac1b1,manual,New or Rare British Fungi,Carleton Rea,1917,,INSERTED (missing from CH),,refuted_missing,"Greps for 'new or rare', '\tRea[,.]', 'rea, c' and 'basidiomyc' found no Carleton Rea row; CH's British-fungi rows are all other authors (r973/r978 Cooke, r2039 Hay, r3822 Ramsbottom, r4914 Wakefield, r4352 W.G. Smith 'Synopsis of the British Basidiomycetes')."
d14f5f294aaa,manual,New Proposals Relating to the Genera of the Boletaceae,Walter H. Snell,1942,,INSERTED (missing from CH),,refuted_missing,"Greps for 'snell', 'new proposals', 'bolet' and 'mycologia' returned no match; the bolete rows in CH (r490, r649, r928, r1875, r3259) are all different monographs by other authors."
22830efebd6e,manual,Recherches sur les ornementations sporales et la sporogenèse chez quelques espèces des genres Boletellus et Strobilomyces,Jacqueline Perreau-Bertrand,1961,,already in CH,3612,refuted_inch,"r3612 'Recherches sur les Ornementations sporales et la Sporogenese Chez Quelques Especes des Genres Boletellus et Strobilomyces / Perreau-Bertrand, J. / 1961' — same author and year, accents stripped."
c51b95c17936,manual,The Fungi of Epping Forest,A. A. Pearson,1938,,already in CH,3578,adjudicated,"r3578 ""List of The Fungi of Epping Forest	Pearson, A.A.	1938	The Essex Field Club		Stratford"" matches author, year, publisher and city exactly — only a leading ""List of"" differs."
9a257e2d0df6,manual,New Species of Boleti from Cades Cove in the Great Smokies,Walter H. Snell; Alexander H. Smith; L. R. Hesler,1940,,INSERTED (missing from CH),,refuted_missing,"Greps for 'cades cove', 'new species of', 'snell', 'hesler' and 'bolet' returned no matching row; CH has no Snell/Smith/Hesler offprints."
a927d46d2275,manual,Mushrooms of Eastern Canada and the United States,René Pomerleau; H. A. C. Jackson,1951,,already in CH,3702,refuted_inch,"r3702 'Mushrooms of Eastern Canada and the United States / Pomerleau, Rene / 1951 / Les Editions Chantecler' matches author, year and publisher."
3d7dc7e497c9,manual,Tentative Keys to the Boletaceae,Albert W. Slipp; Walter H. Snell,1944,,INSERTED (missing from CH),,refuted_missing,"Greps for 'kaniksu', 'tentative keys', 'slipp' and 'snell' all returned no matches."
5e15db24f60c,manual,Development of the Carpophore of Boletinus paluster,Arthur C. Gentile; Walter H. Snell,1953,,INSERTED (missing from CH),,refuted_missing,"Greps for 'carpophor', 'gentile', 'snell' and 'bolet' returned no matching row (bolete hits are r490/r649/r928/r1875/r3259, all unrelated books)."
1f136870e779,manual,The Genera of the Boletaceae,Walter H. Snell,1941,,excluded: duplicate of another B record,,adjudicated,
f869ce51a545,manual,Notes on the Pileate Hydnums,Walter H. Snell,1945,,INSERTED (missing from CH),,refuted_missing,"Grep for 'hydnum' returned only r930 'The Stipitate Hydnums of the Eastern United States' (Coker & Beers, 1970) — a different work by different authors; 'snell' returned nothing."
f8db3a4d4a4a,manual,Notes on Boletes,Esther A. Dick; Walter H. Snell,1965,,INSERTED (missing from CH),,adjudicated,"No ""Notes on Boletes"" row exists; searches on ""bolet"", ""Snell"", ""Mycologia"" and ""Notes on Bol"" all fail to produce this Dick & Snell paper."
b3283038c697,manual,The Taxonomic Position of Poly-Poroletus Sublividus,Rolf Singer; Walter H. Snell; W. Lawrence White,1945,,INSERTED (missing from CH),,refuted_missing,"Greps for 'poroletus', 'taxonomic' (only r1069 Cacao revision), 'snell' and 'singer' produced no matching row."
4fdbe240ba13,manual,The Phalloideae of the United States,Edward A. Burt,1897,,INSERTED (missing from CH),,refuted_missing,Greps for 'phalloid' and 'burt' returned nothing relevant — the only 'burt' hits are r470 publisher 'Burt Franklin' and r700 author 'Burtt-Davy'.
f5b5f47e18e4,manual,Journal of the New England Botanical Club,E. A. Burt,1899,,INSERTED (missing from CH),,refuted_missing,"Greps for 'new england botanical', 'rhodora' and 'burt' returned no match; CH's only New England row is r5233 'Common Poisonous Plants of New England' (Youngken & Karas)."
643d9132559c,manual,Pistillaria (subg. Pistillina) Thaxteri,Edward Angus Burt,1916,,INSERTED (missing from CH),,refuted_missing,"Greps for 'pistillaria', 'thaxter' and 'burt' returned no rows; CH holds no Edward Angus Burt offprints."
872c8786d575,manual,Notes on the Pileate Hydnums,Walter H. Snell; Esther A. Dick,1938,,INSERTED (missing from CH),,refuted_missing,"Greps for 'hydnum' (only r930 Coker & Beers 'The Stipitate Hydnums of the Eastern United States'), 'lloydia', 'snell' and '\tDick' (only r1237/r1238 Dick, W.B. 'Encyclopedia of Practical Receipts') found nothing."
a253114fed68,manual,Taxonomic-Ecologic Studies of the Boletaceae,Albert W. Slipp; Walter H. Snell,1944,,INSERTED (missing from CH),,refuted_missing,"Greps for 'slipp', 'snell', 'taxonomic' and 'bolet' returned no match; CH's bolete rows are r490 'Les Bolets', r649/r1875 'Nova Scotian Boletes', r928 'The Boleti of North Carolina', r3259 'Keys to Agarics and Boleti'."
1de8b36bfef1,manual,Annals of the Missouri Botanical Garden,Edward Angus Burt,1922,,INSERTED (missing from CH),,refuted_inch,"Accepted row r3184 is 'Annals of the Misouri Botanical Garden / Missouri Botanical Garden / 1955' — a 1955 volume of the serial, whereas B holds volume 9 (1922, Burt); different volumes of a periodical run are different items and CH shows no 1922/vol-9 Annals row."
616c44c3ca60,manual,Ganoderma,,1994,,INSERTED (missing from CH),,refuted_missing,"Greps for 'ganoderma', 'phytopathol' and 'symposium' found nothing; CH's Ganoderma-adjacent rows are r2412 'Reishi' (Jones), r3008 'The Mysterious Reishi Mushroom' (Matsumoto) and r5080 'Reishi Mushroom Herb of Spiritual Potency' (Willard) — all popular monographs, not this congress proceedings."
3ac546564432,manual,The Joy Fun Painting Books,,,,INSERTED (missing from CH),,refuted_missing,"Greps for 'joy fun', 'painting book', '\bjoy\b' and publisher 'warne' returned no match; the Frederick Warne rows in CH are r1606/r3319 'Toadstool Town', r2375 'Observers Book of Mosses', r2508 'The Observers Book of Lichens', r3735, r3965/r3966 'Mushroom Culture'."
f4b8cd393dbf,manual,"Mushrooms of America, Edible and Poisonous",Julius A. Palmer,1865,$100,already in CH,3521,refuted_inch,"r3521 'Mushrooms of America Edible and Poisonous / Palmer, J.A., ed. / 1885 / L. Prang & Co. / Boston' — same author, publisher and city; B's 1865 date is almost certainly a data error for the same Prang chromolithograph work."
cbadc523afee,manual,"Mushrooms of America, Edible and Poisonous",Julius A. Palmer,1866,$100,excluded: duplicate of another B record,3521,refuted_inch,
db7cfa6d6feb,manual,Managing Forest Ecosystems to Conserve Fungus Diversity and Sustain Wild Mushroom Harvests,David Pilz; Randy Molina,1996,,INSERTED (missing from CH),,refuted_missing,"Greps for 'conserve fungus', 'fungus diversity', 'mushroom harvest', 'forest ecosystem', 'pilz, d' and 'molina' found only r3205 'Biology Ecology and Social Aspects of Wild Edible Mushrooms in the Forests of the Pacific Northwest' (Molina, 1993) — a different USDA report."
096e6b5d5c98,manual,Ecology and Management of Commercially Harvested Chanterelle Mushrooms,David Pilz; Lorelei Norvell; Eric Danell; Randy Molina,2003,,INSERTED (missing from CH),,refuted_missing,"Greps for 'chanterelle', 'commercially harvest', 'norvell' and 'pilz' found only r3156 'Chanterelle a Rocky Mountain Mushroom Book' (Miller & Nelson, 1986) — a different book by different authors."
3c7dae165177,manual,American Herbal Pharmacopoeia,Roy Upton,2000,,INSERTED (missing from CH),,adjudicated,"""Herbal Pharmacopoeia"" matches only r599 British Herbal Pharmacopoeia; CH's Reishi rows are r2412 Reishi (Jones), r3008 The Mysterious Reishi Mushroom (Matsumoto) and r5080 Reishi Mushroom (Willard) — no Upton/AHP monograph."
e93698e62fc6,manual,Medicinal Mushrooms of the Prairies,Robert Dale Rogers,2004,,INSERTED (missing from CH),,adjudicated,"CH's only ""Medicinal Mushrooms"" is r2145 by Hobbs, C. (Botanica Press 1986) — a different author and work; searches on ""Prairies"", ""Boreal"" and ""Rogers, R"" return nothing by Robert Rogers."
fe30275cdb3e,manual,Non-Wood Forest Products,Eric Boa,2004,,INSERTED (missing from CH),,refuted_missing,"Greps for 'non-wood', 'global overview', 'boa, e', 'wild edible' and 'food and agriculture' returned FAO rows r259 'Minor Oil Crops', r1567 'Some Medicinal Forest Plants of Africa and Latin America' and r3230 'Selected Medicinal Plants' — none is this title."
056d9a65bee8,manual,Antitumor and immunomodulatory activities of medicinal mushroom polysaccharides and polysaccharide-protein complexes in animals and humans,Solomon P. Wasser; Maryna Ya. Didukh; Eviatar Nevo,2005,,INSERTED (missing from CH),,refuted_missing,"Greps for 'wasser', 'antitumor', 'polysaccharide' and 'immunomodul' matched only r4902 'Immunomodulatory Agents from Plants' (Wagner, H., 1999) — a different book; CH holds no Wasser items."
6b2aa4dd3ff8,manual,One Thousand American Fungi,Charles McIlvaine; Robert K. MacAdam,1973,,already in CH,3059,refuted_inch,"r3059 'One Thousand American Fungi / McIlvaine, C. and R.K. MacAdam / 1973 / Something Else Press / Facsimile of 1902 revised edition' matches B's authors, year and publisher exactly (the accepted r3058 Dover row is the same work too)."
ba701b143d34,manual,The Biology and Cultivation of Edible Mushrooms,S. T. Chang; W. A. Hayes,1978,,INSERTED (missing from CH),,adjudicated,"The nearest rows are r1548 The Biology and Technology of the Cultivated Mushroom (Flegg) and r784 Mushroom Biology and Mushroom Products (Chang, 1993) — different works; no Chang & Hayes 1978 title appears in the full ""Edible"" listing."
9872112061b6,manual,Lichens of California,Mason E. Hale; Mariette Cole,1988,,already in CH,1933,refuted_inch,"r1933 'Lichens of California / Hale, M.E. and M.Cole / 1988 / University of California Press' matches both authors, year and publisher."
de62c6d313fc,manual,Macrolichens of the Pacific Northwest,Bruce McCune; Linda Geiser,1997,,INSERTED (missing from CH),,refuted_missing,"Greps for 'macrolichen', 'mccune', 'geiser', 'lichens of' and 'oregon state university press' found only r618 'The Lichens of Long Island New York', r1533 'Lichens of Minnesota', r1933 'Lichens of California' and r2951 'Flora of Steens Mountain' — none is this title."
58fc963747a0,manual,How to Know the Lichens,Mason E. Hale,1979,,already in CH,1932,refuted_inch,"r1932 'How to Know the Lichens / Hale, M.E. / 1979 / Wm. C. Brown Co. / 2' matches author, year, publisher and 2nd edition."
c7cea6b09e06,manual,In vitro Anticancer Activity of Twelve Chinese Medicinal Herbs,Mark Shoemaker; Bobbi Hamilton; Schanaz H. Dairkee; Isaac Cohen; Michael J. Campbell,2005,,INSERTED (missing from CH),,refuted_missing,"Greps for 'in vitro', 'anticancer', 'twelve chinese' and 'shoemaker' matched only r780 'Anticancer Medicinal Herbs' (Chang Minyi), r2785 'Anticancer Chinese Drugs' (Lien & Li) and Shoemaker, J.V.'s materia medica volumes r4254/r4255 — all different works."
66aaebcc99be,manual,Bilder ur Nordens flora,C. A. M. Lindman,1905,,INSERTED (missing from CH),,refuted_missing,"Greps for 'lindman', 'nordens', 'bilder' (only r2168 'Carl Hoffmanns Botanischer Bilder-Atlas'), 'norden', 'svensk', 'swedish', 'scandinav' and 'wahlstr' produced no Lindman row — CH's Swedish rows are r1917 (Hagelin), r4537 'Farmakopen' and r4908/r4909 (Wahlstrom, 'Adaptogens')."
e558499e6814,manual,Bilder ur Nordens flora,C. A. M. Lindman,1905,,INSERTED (missing from CH),,refuted_missing,"Same searches as vol. 3 — 'lindman', 'nordens', 'bilder', 'svensk', 'stockholm', 'wahlstr' all empty of any Lindman flora; nearest hits are r2168 'Carl Hoffmanns Botanischer Bilder-Atlas' and r4537 'Farmakopen'."
da28a091aec7,manual,Bilder ur Nordens flora,Carl Axel Magnus Lindman,,,excluded: duplicate of another B record,,refuted_missing,
18edc64f4392,manual,Bilder ur Nordens flora,C. A. M. Lindman,1905,,excluded: duplicate of another B record,,refuted_missing,
d816a1318551,manual,The Families of Plants,,1787,£30,already in CH,3860,adjudicated,"r3860 ""The Family of Plants Vol1	Reichard	1787	Dr. Reichard"" is the same 1787 Lichfield translation from Reichard's Linnaeus — identical year and volume, singular/plural title variant only."
6fa844993f7d,manual,A Cabinet of Materia Medica,J. Smyth Rogers,1826,,INSERTED (missing from CH),,refuted_missing,"Greps for 'cabinet', 'smyth rogers', 'rogers' (zero hits anywhere in CH) and publisher 'swords' all came back empty."
50f79f2af7f2,manual,A Greene Forest,John Maplet,1930,£50,INSERTED (missing from CH),,adjudicated,"Searches on ""Greene"", ""Green Forest"", ""Maplet"", ""Naturall Historie"" and ""Hesperides"" return only r1834 Greene, E.L. Landmarks of Botanical History and r4568 GreenEarth Publishing — Maplet's work is absent."
442bdc4e5a20,manual,The Language of Flowers,Anne Pratt; Thomas Miller,,,already in CH,3736,refuted_inch,"The accepted row r3662 is 'The Language of Flowers / Pickston, M. / 1968 / Michael Joseph, Ltd.' — a DIFFERENT author's book — but CH holds B's Pratt volume at r3736 'LanguageAssociationsPopular Tales of Flowers / Pratt, A. / Simpkin,Marshall etc.', a garbled run-together of B's title and subtitle with the same Simpkin Marshall imprint."
cd9a9c09d2a1,manual,Bilder ur Nordens flora,Carl Axel Magnus Lindman,,,INSERTED (missing from CH),,refuted_missing,"Greps for 'lindman', 'nordens', 'bilder', 'svensk/swedish/scandinav/nordic' and 'wahlstr' found no matching row; only r2168 'Carl Hoffmanns Botanischer Bilder-Atlas' shares the word 'Bilder'."
dafd5c48c93f,manual,Experimental Researches Concerning the Philosophy of Permanent Colours,Edward Bancroft,1813,,INSERTED (missing from CH),,refuted_missing,"Greps for 'bancroft' (only publisher 'A.L. Bancroft' at r799 and r3834), 'permanent colours/colors', 'calico' and 'dyeing|dyes' found no Edward Bancroft title — CH's dye books are r5 Rawson, r2566 Knecht, r2599 Kramer, r2612 Krochmal, r4144 Schetky."
edcb286c79bf,manual,Flora Rustica,Thomas Martyn,1792,£500,INSERTED (missing from CH),,refuted_missing,"Searched ""Flora Rustica"", ""Rustica"", ""Nodder"", ""Husbandry"", ""Accurate Figures"" and ""Martyn"" — the only Thomas Martyn row is r2989 ""Linnaeuss System of Vegetables: 38 plates"" (1788, B. White & Son), a different work; ""Rustica"" only returns r213 ""Medicina Rustica"" (Araujo)."
9af53ede6ea0,manual,History of Cultivated Vegetables,Henry Phillips,1822,,already in CH,3654,refuted_inch,"r3654 'History of Cultivated Vegetables / Phillips, H. / 1822 / Henry Colburn and Co.' matches author, year and publisher; CH's two rows (r3654, r3655) carry no volume numbers, so it does not list volumes separately."
d9e191693949,manual,History of Cultivated Vegetables,Henry Phillips,1822,,already in CH,3654,refuted_inch,"Same as B's vol 1: r3654/r3655 'History of Cultivated Vegetables / Phillips, H. / 1822 / Henry Colburn and Co.' record the work without volume numbers, so volume 2 falls under the same CH entry."
328ee890afe4,manual,New England Families and Family Physician,,,,already in CH,3899,adjudicated,"r3899 ""The New-England Farrier and Family Physician	Richardson, J.	1828	Josiah Richardson"" (dup at r3900) is almost certainly the same book with B's ""Farrier"" mistranscribed as ""Families""; B's record carries no author or year to contradict it."
7bbd1c68a33d,manual,The Leech of Salerne,,,,already in CH,1571,adjudicated,"r1571 ""The Leech of Salerne x000D Experiments of Cophon	Fordyn, P."" carries the same highly distinctive title; the CH row simply appends the companion text and names a different imprint of the same Flemish edition."
5336fa7ad861,manual,Chewa Medical Botany,Brian Morris,1996,,excluded: duplicate of another B record,,refuted_missing,
e22fd8ca6a36,manual,Species Plantarum,Carolus Ludovicus Willdenow,1799,,already in CH,2812,adjudicated,"r2812 ""Species Plantarum 4 Vols incomplete	Linnaeus, C.	1797	Berolini	Quatro	Berlin"" (with r2818 ""Species Plantarum 6 vols	...	1797	4th"") is the Willdenow Berlin 4th edition set, of which B's 1799 vol. 2 is a constituent volume."
40469030c66f,manual,Systema Plantarum,Carolus Linnaeus,1780,,already in CH,2814,adjudicated,"r2814 ""System Plantarum 3 parts	Linnaeus, C.	1780	Francofvrti ad Moenvm	revised"" is the same Frankfurt 1779–80 Linnaeus edition, listed as a multi-part set rather than by separate volume."
815591a9f0ea,manual,Systema Plantarum,Carolus Linnaeus,1779,,already in CH,2814,adjudicated,"Covered by the same r2814 ""System Plantarum 3 parts	Linnaeus, C.	1780	Francofvrti ad Moenvm"" set entry; CH does not list the volumes separately."
0845197b46c7,manual,Systema Plantarum,Carolus Linnaeus,1779,,already in CH,2814,adjudicated,"Also covered by r2814 ""System Plantarum 3 parts	Linnaeus, C.	1780	Francofvrti ad Moenvm	revised"" — same Frankfurt/Varrentrapp edition, volume 1 of the set."
11182bed20bd,manual,The History of Medicine,Walter Libby,1923,,already in CH,2777,refuted_inch,"The accepted row r1089 is 'The History of Medicine / Cumston, C.G. / 1987 / Dorset Press' — a DIFFERENT author — but CH holds Libby at r2777 'The History of Medicine / Libby, W. / 1923 / Constable & Co. / London', an exact match for B."
1b5f8ddd5718,manual,A Survey of American Medicine,,1937,,already in CH,4176,refuted_inch,"r4176 'A Survey of American Medicine / Schuman's Rare Books & First Editions / 1937 / Schuman's / Detroit' matches issuer, year and city; CH records no volume so B's vol 2 falls under it."
e1468b7d0750,manual,A History of Medicine,Douglas Guthrie,1946,,already in CH,1904,refuted_inch,"r1904 'A History of Medicine / Guthrie, D. / 1946 / J.B. Lippincott Co. / Philadelphia' matches B's author, year, publisher and city exactly — this is the genuine Guthrie match."
5f764a42f3c7,manual,A History of Medicine,Henry E. Sigerist,1951,,already in CH,4271,refuted_inch,"The accepted row r1904 is Guthrie's book, a DIFFERENT author, but CH holds Sigerist's volume 1 at r4271 'A History of Medicine Vol 1 / Sigerist, H.E. / 1951 / Oxford University Press / New York' — an exact match for B."
d34fac33ab09,manual,Epitome of the History of Medicine,Roswell Park,1906,$20,already in CH,3537,refuted_inch,"r3537 'An Epitome of the History of Medicine / Park, R. / 1906 / F.A. Davis Co. / 2nd / Philadelphia' matches B's author, 1906 date, publisher and 2nd edition exactly (accepted r3536 is the 1902 printing of the same work)."
d5bf265a87c0,manual,Pathfinders in Medicine,Victor Robinson,1929,,already in CH,3963,refuted_inch,"r3963 'Pathfinders in Mediicne / Robinson, V. / 1929 / Medical Life Press' — same author, year and publisher; CH's title is a transposition typo."
b0afe448155f,manual,A History of Public Health,George Rosen,1958,,already in CH,4009,refuted_inch,"r4009 'A History of Public Health / Rosen, G. / 1958 / MD Publications / 1st' matches author, year and publisher exactly."
fcfb2e078c94,manual,Flora Rustica,Thomas Martyn,1796,,excluded: duplicate of another B record,,refuted_missing,"Chained on the word 'Flora' alone. 59f4063794c5 is Spratt's 'Flora Medica' (1829, Callow & Wilson, vol 1, GBP 400) - a completely different work from Martyn's 'Flora Rustica' and unrelated to the rest of the cluster; it keeps its own row. Among the three Flora Rustica records, edcb286c79bf is volume 1 and stays. The remaining two, a377d4d2b810 (1792, vol 3, pages 'n.p.') and fcfb2e078c94 (1796, vo"
8c7703fe4b14,manual,Edible and Useful Plants of California,Charlotte Bringle Clarke,1977,,INSERTED (missing from CH),,adjudicated,"The full ""Edible"" listing (52 rows) has no Clarke title; the closest, r4543 ""Common Edible and Useful Plants of the West	Sweet, M."", is a different author and region."
4aae1035ee56,manual,Country Remedies,Gabrielle Hatfield,1994,$30,INSERTED (missing from CH),,adjudicated,"Searches for ""Hatfield"", ""East Anglia"" and ""Country Remed"" return no matches at all; candidate r1781 ""A Country Herbal	Gordon, L."" is an unrelated book."
06480e150137,manual,An Introduction to the History of Medicine,Fielding H. Garrison,1913,,already in CH,1668,refuted_inch,"r1668 'An Introduction to the History of Medicine / Garrison, F.H. / 1929 / W.B. Saunders Co. / 4th' — same author, publisher and 4th edition; a later printing of the same work."
b1d07a0dc25c,manual,History of Medicine,Alexander Wilder,1875,$75,already in CH,5076,refuted_inch,"The accepted row r1321 is Dunglison's 'History of Medicine' (1872, Lindsay and Blakiston) — a DIFFERENT author — but CH holds Wilder at r5076 'History of Medicine / Wilder, A. / 19041899 / Maine Farmer Pub. Co. / Augusta, ME', matching B's author, publisher and city."
02a5497c0e0a,manual,A History of Medicine,Ralph H. Major,1954,,already in CH,2940,refuted_inch,"The accepted row r1904 is Guthrie's book, a DIFFERENT author, but CH holds B's title at r2940 'A History of Medicine v 2 / Major, R.H. / 1954 / Blackwell Scientific Publications / 1st / Oxford, Eng.' — matching author, year, publisher, city and volume 2."
9142ae7ed4db,manual,A History of Medicine,Henry E. Sigerist,1951,,excluded: duplicate of another B record,4273,refuted_inch,
94d36b2ec43a,manual,The Story of Medicine,Arthur L. Murphy,1954,,already in CH,3309,refuted_inch,"The accepted row r2964 is 'The Story of Medicine / Margotta, R. / 1968 / Golden Press' — a DIFFERENT author's book on a generic title — but CH holds Murphy at r3309 'The Story of Medicine / Murphy, A.L. / 1954 / The Ryerson Press / Toronto', an exact match for B."
27342ab07934,manual,A Short History of Medicine,Charles Singer; E. Ashworth Underwood,1962,,already in CH,4290,refuted_inch,"r4290 'A Short History of Medicine / Singer, C. & E.A. Underwood / 1962 / Clarendon Press / 2nd / Oxford' matches both authors, year and 2nd edition (Clarendon is OUP's imprint)."
95bad6027ab8,manual,The History of Medicine in the United States,Francis Randolph Packard,1901,£35,already in CH,3508,refuted_inch,"r3508 'The History of Medicine in the United States / Packard, F.R. / 1901 / J.B. Lippincott / 1st / Philadelphia' matches author, year, publisher and city exactly."
da1d7c4372d6,manual,A History of Medicine,Arturo Castiglioni,1947,$125,already in CH,762,refuted_inch,"The accepted row r1904 is Guthrie's book, a DIFFERENT author, but CH holds Castiglioni at r762 'A History of Medicine / Castiglioni, A. / 1947 / Alfred A. Knopf / 2nd revised / New York' — matching B's author, year, publisher and 2nd revised edition."
347d7287d142,manual,Biographical Cyclopedia of Medical History,Charles Wells Moulton,1905,,already in CH,3266,refuted_inch,"r3266 'A Biographical Cyclopedia of Medical History / Moulton, C.W., ed. / 1905 / The Saalfield Pub. Co. / 1st / New York' matches author, year, publisher and city; only the leading 'A' differs and CH records no volume."
551582666ce4,manual,Poisonous Plants of India,R.N. Chopra; R.L. Badhwar; S. Ghosh,1965,,already in CH,843,refuted_inch,"r843 'Poisonous Plants of India / Chopra, R.N. et al / 1965 / Indian Council of Agricultural Research / 2nd / New Delhi' matches lead author, year, publisher and city; CH records no volume split."
20fcff8e427a,manual,Poisonous Plants of India,R. N. Chopra; R. L. Badhwar; S. Ghosh,1965,,already in CH,843,refuted_inch,"r843 'Poisonous Plants of India / Chopra, R.N. et al / 1965 / Indian Council of Agricultural Research / 2nd' matches author, year, publisher and edition exactly."
ba66573354a0,manual,The People's Medical Adviser,R. V. Pierce,1895,,already in CH,3664,adjudicated,"r3664 ""The Peoples Common Sense Medical Adviser In Plain English: x000D or Medicine Simplified	Pierce, R.V.	1875	World's dispensry Printing	37th	Buffalo"" is the same work and even the same 37th edition and Buffalo imprint."
ac8b898ad649,manual,Hayfever Plants,Roger P. Wodehouse,1971,$18,already in CH,5132,refuted_inch,"r5132 'Hayfever Plants / Wodehouse, R.P. / 1971 / Hafner Publishing Co. / 2nd' is the same author, year, publisher and 2nd revised edition."
ca2513f32b04,manual,A Guide to Homeopathic Practice,I. D. Johnson,1927,$15,already in CH,2393,refuted_inch,"r2393 'A Guide to Homeopathic Practice / Johnson, I.D. / 1927 / Boericke & Tafel' matches author, year and publisher; B only adds the subtitle."
bd86ed1d6c6f,manual,Fortunes in Formulas,Gardner D. Hiscox; T. O'Connor Sloane,1944,$50,already in CH,2132,adjudicated,"r2132 ""Fortunes in Formulas for Home Farm and Workshop	Hiscox, G.D., and T. O. Sloane, ed.	1944	Books, Inc.	1st	New York"" matches title, authors, year, publisher and city exactly."
3d734f4dbf60,manual,Lexicon Medicum; or Medical Dictionary,Robert Hooper; Samuel Akerly,1842,$65,already in CH,2196,refuted_inch,"Same Hooper work; CH even holds this exact printing at r2196 'Lexicon Medicum or Medical Dictionary vol 1 / Hooper, Robert / 1842 / Harper & Brothers' (accepted r2195 is the 1835 4th American ed of the same work)."
ba2bf5cd986d,manual,The Pharmaceutical Recipe Book,,1936,,already in CH,110,refuted_inch,"Accepted r103 is the 1943 3rd ed, but CH also holds this exact edition at r110 'The Pharmaceutical Recipe Book / American Pharmaceutical Assoc. / 1936 / Second' (and again at r2671, Lascoff, 1936, 2nd)."
53f3b97ab438,manual,The Lady's Manual of Homeopathic Treatment,E. H. Ruddock,1878,€5,already in CH,4045,refuted_inch,"r4045 'The Ladys Manual of Homoeopathic Treatment / Ruddock, E.H. / 878 [1878] / The Homeopathic Publishing Co. / Seventh' matches author, publisher and 7th edition; the year is a CH typo."
d45d1f0b3159,manual,Family Medical Guide,William M. Hand,1856,$30,already in CH,1955,refuted_inch,"r1955 'The Family Medical Guide / Hand, W.M. / 1856 / S. Andrus & Son' matches author, year and publisher; only the leading 'The' differs."
32df726741e6,manual,Common Poisonous Plants of East Africa,Bernard Verdcourt; E.C. Trump,1969,,INSERTED (missing from CH),,adjudicated,"No ""Verdcourt"" or ""Trump"" row exists and the ""East Africa"" rows are r186, r2316, r2585 (Kokwaro, Medicinal Plants of East Africa) and r3332 — CH's Common Poisonous Plants titles cover New England and the Northern Plains, different authors and regions."
da9469eb3554,manual,Dictionary of Domestic Medicine,,,£9,already in CH,4675,refuted_inch,"r4675 'Dictionary of Domestic Medicine / Thomson, Spencer / 1857 / Richard Griffin & Co. / seventh' — B's 'Thomson' in the publisher field is Spencer Thomson the author, and CH has no other Thomson dictionary of this title."
2643006d6479,manual,The Homoeopathic Pharmacopoeia of the United States,American Institute of Homeopathy,1979,,already in CH,90,refuted_inch,"Accepted r4612 is the 1954 issue, but CH holds this exact one at r90 'The Homoeopathic Pharmacopoeia of the United States Vol1 / American Institute of Homeopathy, pub. / 1979 / 8th / Falls Church'."
9c69861bbaab,manual,Introductory Lectures and Addresses on Medical Subjects,George B. Wood,1859,£20,already in CH,5147,refuted_inch,"r5147 'Introductory Lectures and Addresses on Medical Subjects / Wood, G.B. / 1859 / J.B. Lippincott & Co.' matches author, year and publisher exactly."
1293ad975f80,manual,The Homeopathic Pharmacopoeia of the United States,American Institute of Homeopathy,1954,£30,already in CH,948,refuted_inch,"Accepted r4612 (Committee on Pharmacopoeia, 1954, Otis Clapp & Son) is this book; CH also lists it with the edition at r948 '... / 1954 / Otis Clapp / 6th / Boston'."
d57e96e0d94e,manual,Gunn's New Family Physician,John C. Gunn,1872,,already in CH,1895,refuted_inch,"r1895 'Gunns New Family Physician / Gunn, J.C. / 1872 / Wilstach, Baldwin & Co. / 100th' matches author, year, publisher and edition."
3484b709bfe6,manual,A Manual of Homœo-Therapeutics,Edwin A. Neatby; Thomas George Stonham,1927,$12.50,already in CH,3392,adjudicated,"r3392 ""A Manual of Homeio-Therapeutics: An Introduction to the Study and Practice of Homeopathy	Neatby, Edwin A.	1927	John Bale, Sons & Danielsson, Ltd.	first	London"" matches title, subtitle, author, year, publisher and city."
56bc4b1918b2,manual,Poisons Law,Hugh N. Linstead,1936,£5,already in CH,2819,refuted_inch,"r2819 'Poisons Law / Linstead, H.N. / 1936 / The Pharmaceutical Press' matches author, year and publisher; B only carries the long subtitle."
87f08adab9c2,manual,Wayside and Woodland Fungi,W. P. K. Findlay,1967,$90,already in CH,1532,refuted_inch,"r1532 'Wayside & W oodland Fungi / Findlay, W.P.K. / 1967 / Frederick Warne & Ci,' is the same book with CH typos in title and publisher."
34e008a60c44,manual,North American Polypores,R. L. Gilbertson; L. Ryvarden,1986,,already in CH,1720,adjudicated,"r1720 ""North American Polypores 2 vols	Gilbertson, R. & L. Ryvarden	1986	Fungiflora	Oslo, Norway"" records the whole set, so volume 1 is already held."
38df655626ae,manual,Los nombres de los hongos y lo relacionado con ellos en América Latina,Gastón Guzmán,1997,,already in CH,1907,refuted_inch,"r1907 'Los Nombres de Los Hongos y lo Relacionado con Ellow en America Latina / Guzman, G. / 1997 / Instituto de Ecologia' is the same Guzman title with an OCR-style typo ('Ellow' for 'Ellos')."
e4a8a25d15f2,manual,Fungi,Paul Starosta; Christian Epinat,1999,,already in CH,1435,refuted_inch,"r1435 'Fungi / Epinet, C. / 1999 / Evergreen / Koln' — 'Epinet' is Christian Epinat and Evergreen is the Taschen imprint; same year and city of publication."
47a1b3ccf680,manual,North American Polypores,R.L. Gilbertson; L. Ryvarden,1987,,already in CH,1720,adjudicated,"Same r1720 ""North American Polypores 2 vols	Gilbertson, R. & L. Ryvarden	1986	Fungiflora"" set entry covers volume 2; CH does not list the volumes separately."
5aafcc3f053e,manual,Mushrooms,M. E. Hard,1908,$90,already in CH,1971,refuted_inch,"Accepted r3049 is McDougall's 'Mushrooms' (1925, Houghton Mifflin) — a DIFFERENT book — but Hard's work is in CH at r1971 'THE MUSHROOM Edible and Otherwise Its Habitat and Its Time of Growth / Hard, M.E. / 1908 / Columbus, OH'."
2bd18d05a072,manual,The Wild Mushroom Cookbook,Alison Gardner; Merry Winslow,2014,,INSERTED (missing from CH),,adjudicated,"""Mushroom Cookbook"" matches nothing and the Mendocino rows are r826 Chestnut, r3308 Murphey, r3893 Rice and r4307 Smith — none is Gardner & Winslow 2014."
8ba6357d6c24,manual,Mushroom Magic,Michael Jordan,1989,£7.50,already in CH,2422,refuted_inch,"r2422 'Mushroom Magic / Jordan, M. / 1989 / Elm Tree Books / London' matches author, year and publisher exactly."
d7bb50ac1662,manual,Ramaria of the Pacific Northwestern United States,Ronald L. Exeter; Lorelei L. Norvell; Efrén Cázares,2006,,INSERTED (missing from CH),,refuted_missing,"Searched ""Ramaria"", ""Exeter"", ""Norvell"", ""Land Management"", ""Pacific Northwest"" — the Pacific Northwest fungal rows are r3205 Molina ""Biology Ecology and Social Aspects of Wild Edible Mushrooms"" and r4776 Tylutki ""Mushrooms of Idaho and the Pacific Northwest v2"", neither a Ramaria monograph."
00b64ad3a899,manual,Three Rhode Island Polypores,Walter H. Snell; Esther A. Dick,1956,,INSERTED (missing from CH),,refuted_missing,"Searched ""Polypore"", ""Snell"", ""Rhode Island"", ""Mycologia"", ""Dick, E"" — ""Polypores"" returns only r1720 Gilbertson & Ryvarden ""North American Polypores 2 vols""; ""Rhode Island"" only r5233 Youngken (Rhode Island Dept. of Health as publisher)."
471792dd40f1,manual,Two Phalloids from Rhode Island,Walter H. Snell; Esther A. Dick,1952,,INSERTED (missing from CH),,refuted_missing,"Searched ""Phalloid"", ""Snell"", ""Rhode Island"", ""Mycologia"", ""Dick, E"" — no Snell/Dick author row and no Mycologia reprint in CH at all."
2fd738893188,manual,Practicing the Power of Now,Eckhart Tolle,,,INSERTED (missing from CH),,refuted_missing,"Searched ""Power of Now"", ""Tolle"", ""Eckhart"", ""Meditations"" — none returns any row; CH has no Tolle title."
93a7b354383f,manual,Eternal River,Carolyn Wing Greenlee,2005,,INSERTED (missing from CH),,adjudicated,"Searches on ""Eternal"", ""Greenlee"" and ""Earthen Vessel"" return only r1801 Eternal Eve, r3005 The Eternal Search and r3305/r3306 Propolis The Eternal Natural Healer — all unrelated."
6d332fa05c31,manual,Poetry Parade,,,,INSERTED (missing from CH),,refuted_missing,"Searched ""Poetry"", ""Parade"", ""Spencer Book"" — ""Poetry"" returns only r4402 Squire ""Celtic Myth & Legend Poetry & Romance""; no Spencer Book Co. imprint anywhere."
a323a54c0197,manual,In the Realm of Hungry Ghosts,Gabor Maté,,,INSERTED (missing from CH),,refuted_missing,"Searched ""Hungry Ghost"", ""Ghosts"", ""Addiction"", ""Mate"" — no match; the ""Mat"" hits are all Materia Medica/matiere medicale rows (e.g. r507 Boerhaave ""Materia Medica""), nothing by Gabor Mate."
6d1529097863,manual,The Echinacea Handbook,Christopher Hobbs,1989,,INSERTED (missing from CH),,adjudicated,"CH's Hobbs Echinacea rows are r2142/r2144 ""Echinacea: The Immune Herb!"" (Botanica Press 1990/1992), a different popular title; the 1989 Eclectic Medical Publications Handbook appears nowhere in the six ""Echinacea"" hits."
dc0b11e3d74d,manual,Medicinal Plant Constituents,Christopher Hobbs,1994,,INSERTED (missing from CH),,adjudicated,"The Hobbs, C. block (r2142–r2152) lists no Constituents title, and the ""Constituent"" hits are r3597 Pengelly, r3952/r3962 Robinson, r4892 Von Wiesner and r5253/r5254 Zhu — all different authors."
44a446469d7f,manual,Herbagram,,2017,,excluded: duplicate of another B record,,refuted_missing,"Same physical item recorded twice under a misheard title. ""Herbagram"" is a dictation/spelling corruption of ""HerbalGram"", the American Botanical Council's journal; publisher, year (2017) and issue number (volume 113) are identical, and the two rows were created 46 seconds apart in the same sitting. One issue, one catalogue row."
305591324940,manual,Medicinal Plant Constituents,Christopher Hobbs,1994,,excluded: duplicate of another B record,,adjudicated,
472e53899038,manual,"Living Buddha, Living Christ",Thich Nhat Hanh; Brian Chong,,,INSERTED (missing from CH),,refuted_missing,"Searched ""Living Buddha"", ""Thich"", ""Nhat Hanh"" and plain ""Buddha"" — the word Buddha does not occur anywhere in ch_flat.txt."
8877a99ad81a,manual,Svevo Brooks,Svevo Brooks,,,INSERTED (missing from CH),,refuted_missing,"B's record carries no work title, only the author name; CH does hold two ""Brooks, S."" rows — r628 ""The Art of Good Living"" (1990, Houghton Mifflin) and r629 ""Common Sense Diet and Health"" (1986, Botanica Press) — but nothing identifies which (if either) this stub is, so no row can be proven the same work."
976300551caf,manual,The Earth Is What We All Have in Common,Wendell Berry,2009,,INSERTED (missing from CH),,refuted_missing,"Searched ""Wendell Berry"", ""Berry, W"", ""Healing Power of Plants"", ""Herb Symposium"", ""Symposium"" — the closest is r4848 ""International Herb Symposium confrerence notes"" (Various, 2000, 5th, East Barre VT), a different year's proceedings of the same series, not the 2009 Wendell Berry keynote volume."
6b61ca7e2830,manual,Vitamins For Dummies,,,,INSERTED (missing from CH),,adjudicated,"""Dummies"" matches nothing; the Vitamin rows are r440 The Vitamins in Medicine, r579, r2071, r2966, r3178 and r4157/r4158 Plants and Vitamins — all different works."
09257aae7aa1,manual,A Timely Guide to the Way of the Bodhisattva,Pema Chödrön,2007,,INSERTED (missing from CH),,refuted_missing,"Searched ""Bodhisattva"", ""Chodron"", ""Pema"", ""No Time to Lose"" (the work's main title) and ""Shambhala"" — the Shambhala imprint rows are r3430 Ni ""The Yellow Emperors Classic of Medicine"" and r3728 Powel ""The Meaning of Flowers"" only."
606d96cc05b2,manual,Encounters with Stravinsky,Paul Horgan,1972,,INSERTED (missing from CH),,refuted_missing,"Searched ""Stravinsky"", ""Stravin"", ""Horgan"" — no matches anywhere in the file."
98297dab620d,manual,Son of South Mountain and Dust,Thomas W. Wing; Carolyn Wing Greenlee,2001,,INSERTED (missing from CH),,refuted_missing,"Searched ""South Mountain"", ""Wing"", ""Greenlee"", ""Earthen Vessel"", ""Kelseyville"" — the only Wing author row is r5116 Wing, J.E. ""Alfalfa Farming in America""; nothing by Thomas W. Wing."
cc6bb8760517,manual,Chinese Herbs Growing in the Western U.S.,Christopher Hobbs,1985,,INSERTED (missing from CH),,refuted_missing,"Searched ""Hobbs"" (13 rows: Echinacea, Super Immunity, Medicinal Mushrooms r2145, Vitex, Milk Thistle, Foundations of Health, plus C.E. Hobbs), ""Chinese Herbs"" and ""Growing"" — no row combines Hobbs with Chinese herbs; the Chinese-herb rows are by Bone, Hsu, Huang, Keys, Lee, Yeung, Yu."
cbacea831f3b,manual,Les Champignons,Peter Jordan; Steven Wheeler,2014,,INSERTED (missing from CH),,refuted_inch,"Accepted r980 is 'Les Champignons / Cooke, M.C. and M.J. Berkeley / 1878 / Librairie Germer Bailliere' — a different author and century; every CH row containing 'Champignons' (r980, r995, r2054, r2324, r2690, r2729, r3015-3017, r4106) is a different work, and there is no Peter Jordan / Steven Wheeler or Larousse 2014 entry."
2154cbc57a68,manual,A Source-Book of Biological Names and Terms,Edmund C. Jaeger,1944,,already in CH,2339,refuted_inch,"r2339 'A Source-Book of Biological Names & Terms / Jaeger, E.C. / 1944 / Charles C. Thomas' — same author, year and publisher, only the edition number differs."
e03d176f674f,manual,The Big Herbs,Paul Strauss,2020,,INSERTED (missing from CH),,refuted_missing,"Searched ""Big Herbs"", ""Strauss"", ""XOXOX"" — no matches; CH holds no Paul Strauss title."
490cedf0d0f0,manual,Weeds,Alexander C. Martin,1972,,already in CH,2979,refuted_inch,"Accepted r3279 is Muenscher's 'Weeds' (1943, Macmillan) — a DIFFERENT book — but Martin's is in CH at r2979 'Weeds Golden Book / Martin, A.C. / 1972 / Golden Press / New York'."
9f65217a6ff3,manual,"Women's Herbs, Women's Health",Christopher Hobbs; Kathi Keville,1998,,INSERTED (missing from CH),,refuted_missing,"Searched ""Keville"", ""Womens Herbs"", ""Womens Health"", ""Interweave"", ""Hobbs"" — Keville rows are r2512 ""The Illustrated Herb Encyclopedia"", r2513 ""Aromatherapy"", r2514 ""American Country Living:Herbs""; Interweave rows are r1304 Duke and r1582 Foster; the closest Hobbs title is r2146 ""Vitex: The Womens Herb"", a different book."
9a223676a7ab,manual,Journal of the American Herbalists Guild,,2014,,INSERTED (missing from CH),,adjudicated,"Grepping ""herbalists guild"" returns nothing and a scan of every CH title containing ""Journal"" (r200 Cactus and Succulent Journal, r341, r836 The Journal of the Royal Horticultural Society, r752 American Journal of Pharmacy, etc.) turns up no AHG serial."
8dd8121234d9,manual,Planting the Future,Rosemary Gladstar; Pamela Hirsch,2000,,already in CH,1740,refuted_inch,"r1740 'Planting the Future / Gladstar, R., ed. / 2000 / Healing Arts Press' matches editor, year and publisher."
974f094165cc,manual,Medicinal Value of Lentinus edodes,Christopher R. Hobbs,2000,,INSERTED (missing from CH),,adjudicated,"No CH row mentions ""Lentinus"", ""Begell"" or ""literature review""; the only Hobbs mushroom title is r2145 ""Medicinal Mushrooms / Hobbs, C. / 1986 / Botanica Press"", a different work."
415fac288582,manual,HerbalGram,,2017,,INSERTED (missing from CH),,refuted_missing,"Searched ""Herbalgram"", ""Herbal Gram"", ""Herbagram"", ""American Botanical Council"" — ABC appears only as publisher of r493 Blumenthal and the r3671-r3673 Pinco petitions; the journal itself is not listed."
347feca207c6,manual,Common Mosses of the Pacific Coast,Marion Paul Harthill; Irene E. O'Connor,1975,,already in CH,2019,refuted_inch,"r2019 'Common Mosses of the Pacific Coast / Harthill, M.P. / 1975 / Naturegraph Pub.' matches lead author, year and publisher."
bfac2dacec4e,manual,Nouveau guide des champignons,Cécile Lemoine,1996,£15,already in CH,2729,refuted_inch,"r2729 'Nouveau Guide Des Champignons / Lemoine, C. / Editions Quest-France / Rennes' matches author, publisher (Ouest-France, CH typo) and city; CH simply lacks the year."
df15e6f9b5f9,manual,Microfungi on Land Plants,Martin B. Ellis; J. Pamela Ellis,1985,$40,already in CH,1407,refuted_inch,"r1407 'Microfungi on Land Plants / Ellis, Martin B. and J.P. Ellis / 1985 / Macmillan Publishing' matches both authors, year and publisher."
80100b65ce04,manual,"Guida illustrata per riconoscere, trovare, cucinare i funghi",Guido Stecchi,1994,,INSERTED (missing from CH),,refuted_missing,"Searched ""Stecchi"", ""funghi"", ""riconoscere"", ""cucinare"", ""illustrata"", ""Enciclopedia"", ""Milano"" — the funghi rows are r446/r447 Bielli ""Funghi"" (Novara) and r3335 ""Cercar Funghi""; the only Milano row is r2786 Lier ""Early Medical Books""."
6bee4476723a,manual,Morphology and Taxonomy of Fungi,Ernest Athearn Bessey,1968,$35,already in CH,435,refuted_inch,"r435 'Morphology and Taxonomy of Fungi / Bessey, E.A. / 1968 / Hafner Pub. Co.' matches author, year and publisher exactly."
c3ce906827cc,manual,Mushrooms of the World,Lucius Von Frieden,,$30,INSERTED (missing from CH),,adjudicated,"No hit for ""Frieden"" or ""Bobbs""; the only CH ""...of the World"" mushroom row is r4414 ""Psilocybin Mushrooms of the World / Stamets, P. / 1996"", a different author and work."
136f2ea78f35,manual,The Agaricales,Harry D. Thiers,1985,,INSERTED (missing from CH),,refuted_missing,"Searched ""Agaricales"", ""Thiers"", ""Mad River"" — CH holds r4644 ""The Agaricales of California / 1 Amanitaceae"" (Thiers, H.D., 1982), i.e. it lists the fascicle number and family explicitly, so volume 2 (1985) is a separately-published part CH does not have."
1a94adb1a963,manual,Mushrooms and Toadstools,Worthington G. Smith,1867,,already in CH,4351,refuted_inch,"Accepted r2290 is Hvass & Hvass (1961, Blandford) — a DIFFERENT book — but W. G. Smith's is in CH at r4351 'Mushrooms and Toadstools / Smith, W.G. / 1867 / Robert Hardwicke / London'."
019884faf7ea,manual,Shouting and Reeling About,Mark Chilton,1999,,already in CH,834,refuted_missing,"CH r834 ""Shouting and Reeling About x000D Hallucinogenic Mushrooms and the Observations of Siberian Explorers in the 19th Century"" — Chilton, M., compiler, 1999; same work, CH simply drops the trailing bibliography clause."
f2780b656e28,manual,The Misjudged Mushroom,Ida Bohatta,,,already in CH,514,refuted_inch,"r514 'The Misjudged Mushroom / Bohatta, I. / 1981 / Printed in West Germany / Translation' is the same distinctive Bohatta title; B gives no year."
12b93d651f49,manual,California Toxic Fungi,Thomas J Duffy; Paul P Vergeer,1977,,already in CH,1300,refuted_inch,"r1300 'California Toxic Fungi / Duffy, T. and P. Vergeer / 1977 / SF Mycological Society' matches both authors, year and issuing society."
2321f3e1064a,manual,Edible Mushrooms,Clyde M. Christensen,1981,,already in CH,847,refuted_inch,"r847 'Edible Mushrooms / Christensen, C.M. / 1981 / Unhiversity of Minneapolis Press / 2nd' matches author, year and 2nd edition (publisher misspelled in CH)."
015c7cf692f8,manual,How to Know the Non-Gilled Fleshy Fungi,Helen V. Smith; Alexander H. Smith,1973,$7,already in CH,4336,refuted_inch,"r4336 'How to Know The Non-Gilled Fleshy Fungi / Smith, H.V., and A.H. Smith / 1973 / Wm. C. Brown Co.' matches both authors, year and publisher."
68974bf0c7e2,manual,British Fungus-Flora,George Massee,1893,,already in CH,2993,adjudicated,"CH r2993 ""British Fungus-Flora 4 vols / Massee, G. / 1892 / George Bell & Sons"" is the same Massee set; B's copy is vol 3 of it and CH lists the volumes collectively, not separately."
fb636142475b,manual,British Edible Fungi,M. C. Cooke,1891,,already in CH,974,refuted_inch,"r974 'British Edible Fungi / Cooke, M.C. / 1891 / Kegan Paul, Trench, Trubner & Co.' matches author, year and publisher."
dd38cbb9a06a,manual,Mushrooms and Toadstools,John Ramsbottom,1989,,already in CH,3825,refuted_inch,"Accepted r2290 is Hvass & Hvass — a DIFFERENT book — but Ramsbottom's New Naturalist volume is in CH at r3825 'The New Naturalist Mushrooms & Toadstools / Ramsbottom, J. / 1953 / Colins'; B's 1989 Bloomsbury copy is a reissue of that same work."
93047f61e562,manual,Mushrooms,W. B. McDougall,1925,$7.50,already in CH,3049,refuted_inch,"r3049 'Mushrooms / McDougall, W.B. / 1925 / Houghton Mifflin Co.' matches author, year and publisher; B only adds the subtitle."
80ac39d8b38a,manual,A Field Guide to Southern Mushrooms,Nancy Smith Weber; Alexander Hanchett Smith,1985,£10,already in CH,4997,refuted_inch,"r4997 'A Field Guide to Southern Mushrooms / Weber, N.S. and A.H. Smith / 1985 / University of Michigan' matches both authors, year and press."
6c919c47c852,manual,Field Book of Common Mushrooms,William Sturgis Thomas,1948,,already in CH,4654,refuted_inch,"r4654 'Field Book of Common Mushrooms / Thomas, W.S. / 1948 / G.P. Putnam's Sons / 3rd' matches author, year, publisher and edition (duplicated at r4655)."
41f42070b43c,manual,Champignons de France,André Maublanc; G. Viennot-Bourgain,1959,€35,already in CH,3017,refuted_inch,"r3017 'Champignons de France / Maublanc, A. / 1959 / Editions Paul Lechevalier' matches author, year and publisher; B's vol 2 atlas is part of the same set."
d854c600458c,manual,Morphology and Taxonomy of Fungi,Ernst Athearn Bessey,1961,$15,already in CH,434,refuted_inch,"CH holds this exact printing at r434 'Morphology and Toxonomy of Fungi / Bessey, E.A. / 1961 / Hafner Publishing Co.' (accepted r435 is the same work's 1968 printing)."
50b21f17d139,manual,Chanterelle,Millie Miller; Cyndi Nelson,1986,,already in CH,3156,refuted_missing,"CH r3156 ""Chanterelle a Rocky Mountain Mushroom Book"" — Miller, M., and C. Nelson, 1986, Johnson PUblishing Company, Boulder; identical title, authors, year, publisher and city."
986bee5beb39,manual,Familiar Mushrooms,,1990,,already in CH,2461,refuted_inch,"r2461 'Familiar Mushrooms / Katsaros, P. / 1990 / Alfred A. Knopf / 1st' matches year and publisher; B's copy simply names no author for this Audubon pocket guide."
6f933b0211ee,manual,Field Guide to North American Mushrooms,Gary H. Lincoff,,$10.50,already in CH,2792,adjudicated,"CH r2792 ""The Audubon Society Field Guide to North American Mushrooms / Lincoff, Gary H. / 1981 / Alfred Knopf"" (also r253) is the same Lincoff/Knopf guide with the series prefix retained."
6daad8ce7b4a,manual,Encyclopédie pratique du naturaliste,A. Maublanc,1939,,already in CH,3017,refuted_missing,"CH r3017 ""Champignons de France"" — Maublanc, A., Editions Paul Lechevalier, Paris (1959) is the same Maublanc work B records under its series wrapper ""Encyclopedie pratique du naturaliste: Les champignons de France""; CH also holds r3016 ""Les Champignons Comestibles et Veneneux 2 vols"" (Maublanc, 1946, Paul Lechevalier, 3rd) covering both fascicles of the set, so the volume-23 part is not separatel"
393bcaf35596,manual,Field Book of Common Mushrooms,William Sturgis Thomas,1920,,already in CH,4654,refuted_inch,"Same Thomas work as r4654 'Field Book of Common Mushrooms / Thomas, W.S. / 1948 / G.P. Putnam's Sons / 3rd'; B's copy is an earlier printing, and edition/printing differences count as the same book."
f1251d961507,manual,Encyclopédie pratique du naturaliste,A. Maublanc,1946,€200,already in CH,3016,refuted_missing,"CH r3016 ""Les Champignons Comestibles et Veneneux 2 vols"" — Maublanc, A., 1946, Paul Lechevalier, 3rd, Paris matches B's author, year, publisher, city and 3rd edition exactly and covers both volumes of the set; CH also carries the retitled r3017 ""Champignons de France"" (Maublanc, Paul Lechevalier)."
7758d9d9a5c4,manual,"The Polyporaceae of the United States, Alaska, and Canada",Lee Oras Overholts,1977,$25.95,already in CH,3501,adjudicated,"CH r3501 ""The Polyporaceae of US Alaska & Canada / Overholts, L.O. / 1953 / U. of Michigan Press"" is the same work; B holds the 1977 third printing."
ab8ac77cec63,manual,Gasteromycetes,Orson K. Miller; Hope H. Miller,1988,,INSERTED (missing from CH),,refuted_missing,"Searched ""Gasteromycete"", ""Developmental Features"", ""Puffball"", ""Miller, O"", ""Mad River"" — CH's only Gasteromycetes row is r929 Coker & Couch ""The Gasteromycetes of the Eastern United States and Canada"" (a different work by different authors); the Orson K. Miller rows are r3157/r3158 ""Mushrooms of North America"" and r3159 ""An Index of the Common fungi of North America""."
9e6e4ed596d7,manual,Mycomedicinals,Paul Stamets; C. Dusty Wu Yao,,,excluded: duplicate of another B record,4415,refuted_missing,
670c83b094fd,manual,Edible and Poisonous Mushrooms of Canada,J. Walton Groves,1962,$48,already in CH,1871,refuted_inch,"r1871 'Edible and Poisonous Mushrooms of Canada / Groves, J. Walton / 1962 / Ottawa' matches author and year (CH also has r1873, the same 1962 book under Canada Dept. of Agriculture)."
fe99eb6771b2,manual,A Passion for Mushrooms,Antonio Carluccio,1989,,already in CH,744,refuted_inch,"r744 'A Passion for Mushrooms / Carluccio, A. / 1990 / Pavilolion Books Ltd.' is the same author and publisher, one year apart (printing)."
75b769c97017,manual,Mushrooms: Wild and Edible,Vincent Marteka,1962,$5,already in CH,2974,refuted_inch,"r2974 'Mushrooms Wild and Edible / Marteka, V. / 19851980 / W.W. Norton' matches author and publisher; CH's year field is a mangled 1980/1985."
a6ba0d6716eb,manual,The Mushroom Trail Guide,Phyllis G. Glick,1990,$9.95,already in CH,1748,refuted_inch,"r1748 'The Mushroom Trail Guide / Glick, P. / 1970 / Henry Holt and Co.' matches author and publisher; only the year digits differ."
4f97bd9b5889,manual,British Fungi,George Massee,1902,£15,already in CH,2992,adjudicated,"CH r2992 ""British Fungi with a Chapter on Lichens / Massee, G. / (no year) / George Routledge and Sons, Limited / London"" matches B's title, subtitle, author and publisher exactly."
5bdadb7488df,manual,"Mushrooms, Molds, and Miracles",Lucy Kavaler,1966,$10,already in CH,2465,refuted_inch,"r2465 'Mushrooms Molds and Miracles / Kavaler, L. / 1965 / Signet Books' is the same author and work; Signet is the New American Library imprint."
10bc9db277f7,manual,The Fifth Kingdom,Bryce Kendrick,1992,,already in CH,2499,refuted_inch,"r2499 'The Fifth Kingdom / Kendrick, Bryce / 1992 / Focus Texts / second / Newberyport' matches author, year, edition and city."
c76eca1ca4cc,manual,Edible and Poisonous Mushrooms of Canada,J. Walton Groves; I. W. Groves; C. L. Pomerleau,1962,£10,already in CH,1873,refuted_inch,"CH holds this exact issue at r1873 'Edible and Poisonous Mushrooms of Canada / Groves, J.W. / 1962 / Canada Dept. of Agriculture / Ottawa'."
13e7d95a6178,manual,What's in a Mushroom,Richard Hans Norland,1976,,already in CH,3454,adjudicated,"CH r3454 ""Whats in a Mushroom:Part III-Psychoactice Mush / Norland, R. / 1976 / P.T. Publications"" matches author, year and publisher; it is the only Norland row, so CH does not list the three parts separately and B's three-part copy is the same work."
bb68e4149b4c,manual,The Gilled Mushrooms,C. H. Kauffman,1971,,already in CH,2463,refuted_missing,"CH r2463 ""The gilled Mushrooms Agaricaceae of Michigan and the Great Lakes Region Vol 1 2"" — Kauffman, C.H., 1971, Dover Publications, New York; the single row explicitly covers volumes 1 and 2, so volume 2 is present."
fea45e458034,manual,Amanita of North America,David T. Jenkins,1986,$18,already in CH,2363,refuted_inch,"r2363 'Amanita of North America / Jenkins, David T. / 1986 / Mad River Press / Eureka, CA' matches author, year, publisher and city."
b9cc158d6b1f,manual,International Journal of Medicinal Mushrooms,,2004,,excluded: duplicate of another B record,,adjudicated,
f615fa53dfaa,manual,Mushrooms of Eastern Canada and the United States,René Pomerleau; H. A. C. Jackson,1951,,excluded: duplicate of another B record,3702,refuted_inch,
7eaadfee7a64,manual,Mushrooms in Their Natural Habitats,Alexander H. Smith,1949,$17.50,already in CH,4311,refuted_inch,"r4311 'Mushrooms in their Natural Habitats / Smith, A. H. / 1949 / Sawyer's Inc.' is the same 1949 Smith work; B's Hafner is the reissue publisher."
6bfe62aeb7c0,manual,Mémoire sur l'Antennopsis,Roger Heim,1951,,INSERTED (missing from CH),,refuted_missing,"Searched ""Antennopsis"", ""termite"", ""Ectoparasite"", ""Saintonge"", ""Memoire"", ""Heim"" — the only Roger Heim row is r2055 ""Archives du Museum National dHistorie Naturelle Volumes 6 and 9"" (Heim & R. Gordon Wasson, 1958/1965), a different publication."
e5854bea63fc,manual,Field Guide to the Psilocybin Mushroom Species,F. C. Ghouled,1972,,already in CH,1710,refuted_inch,"r1710 'Field Guide to the Psilocybin Mushroom / Ghouled, F.C. / 1972 / Guidance Publications' matches author, year and publisher; CH stores the subtitle-less form."
7b12c898d6de,manual,The Gilled Mushrooms,C. H. Kauffman,1971,$20,already in CH,2463,refuted_missing,"CH r2463 ""The gilled Mushrooms Agaricaceae of Michigan and the Great Lakes Region Vol 1 2"" — Kauffman, C.H., 1971, Dover Publications, New York; same work, same year and publisher, both volumes listed on the one row."
112265942d46,manual,The Mushroom Book,Thomas Læssøe; Anna Del Conte; Gary Lincoff,1996,$29.95,already in CH,2642,refuted_inch,"Accepted r2971 is Marshall's 1913 'The Mushroom Book' — a DIFFERENT book — but the DK title is in CH at r2642 'The Mushroom Book / Laessoe, T., Del Conte, A. and G. Lincoff / 1966 [1996] / DK Publishing, Inc. / First American'."
d028e1dd45d5,manual,International Journal of Medicinal Mushrooms,Solomon P. Wasser,2004,,INSERTED (missing from CH),,adjudicated,"Same as the unattributed copy: no ""Wasser"" author anywhere in CH and no CH ""International ..."" row (r2309, r3523, r4921, r4848) is this journal."
42fe19c90b69,manual,Biodiversity of Fungi,S.K. Deshmukh; M.K. Rai,2005,,INSERTED (missing from CH),,refuted_missing,"Searched ""Biodiversity"", ""Deshmukh"", ""Rai, M"" — ""Biodiversity"" returns nothing and the two Indian-editor surnames return nothing; no such title in CH."
ccba20cc1fd5,manual,Reishi or Ling Zhi,Solomon P. Wasser,2003,,INSERTED (missing from CH),,refuted_missing,"Searched ""Reishi"", ""Ling Zhi"", ""Ganoderma"", ""Wasser"" — CH's Reishi rows are r2412 Jones ""Reishi"", r3008 Matsumoto ""The Mysterious Reishi Mushroom"" and r5080 Willard ""Reishi Mushroom Herb of Spiritual Potency and Medical Wonder"", all different authors; no Wasser row at all."
067a47f5589f,manual,Medicinal Value of Culinary–Medicinal Maitake Mushroom Grifola frondosa,Cun Zhuang; Solomon P. Wasser,2004,,INSERTED (missing from CH),,refuted_missing,"Searched ""Maitake"", ""Grifola"", ""Zhuang"", ""Wasser"" — the only Maitake rows are r2782/r2783 Lieberman & Babal ""Maitake King of Mushrooms"" (1997, Keats), a different popular book by different authors."
010b6b0d0eb7,manual,Medicinal mushroom modulators of molecular targets as cancer therapeutics,Ben-Zion Zaidman; Majed Yassin; Jamal Mahajna; Solomon P. Wasser,2005,,INSERTED (missing from CH),,refuted_missing,"Searched ""modulators"", ""Zaidman"", ""Wasser"", plus the Reishi/Maitake sweeps — none of Wasser's journal papers appear in CH; no row on mushroom molecular targets or cancer therapeutics."
19cf4bdcdbec,manual,Dietary Supplements from Culinary–Medicinal Mushrooms,Solomon P. Wasser; Maryna Ya. Didukh; Eviatar Nevo,2004,,INSERTED (missing from CH),,refuted_missing,"Grepped ""Wasser"" (zero hits anywhere in CH), plus ""Dietary Supplement"", ""culinary"", ""medicinal mushroom"" — the only culinary/medicinal-mushroom rows are r2145 ""Medicinal Mushrooms"" (Hobbs) and r1845 ""Culinary Herbs and Condiments"" (Grieve), neither this Begell House journal paper."
b4881293555b,manual,Shiitake,Solomon P. Wasser,2005,,INSERTED (missing from CH),,adjudicated,"CH's only shiitake rows are r2410 ""Shiitake The Healing Mushroom / Jones, K. / 1995"" and r4359 ""The Shiitake Way / Snyder, Jennifer / 1993"" — different authors and works from Wasser's 2005 Marcel Dekker monograph."
695d5715539a,manual,Medicinal mushrooms as a source of antitumor and immunomodulating polysaccharides,S.P. Wasser,2002,,INSERTED (missing from CH),,refuted_missing,"Grepped ""Wasser"" (no hits), ""antitumor"", ""immunomodulat"", ""polysaccharid"" — only r4902 ""Immunomodulatory Agents from Plants"" (Wagner) came back, a different work; CH's only medicinal-mushroom row is r2145 Hobbs."
1f3803f0e823,manual,Is a Widely Cultivated Culinary-Medicinal Royal Sun Agaricus (the Himematsutake Mushroom) Indeed Agaricus blazei Murrill?,Solomon P. Wasser; Marina Ya. Didukh; Maria Angela L. de A. Amazonas; Eviatar Nevo; Paul Stamets; Augusto F. da Eira,2002,,INSERTED (missing from CH),,refuted_missing,"Grepped ""Wasser"", ""Agaricus blazei"", ""Himematsutake"", ""Royal Sun"", ""culinary"" — all empty except unrelated culinary-herb rows (r1845/r3181); no Begell House article rows exist in CH."
fd770e95f7ff,manual,The structure of the glucuronoxylomannan produced by culinary-medicinal yellow brain mushroom,Evgeny Vinogradov; Bent O. Petersen; Jens Ø. Duus; Solomon Wasser,2004,,INSERTED (missing from CH),,refuted_missing,"Grepped ""glucuronoxylomannan"", ""Tremella"", ""Wasser"", ""polysaccharid"" — no matches at all; CH holds no rows for this Elsevier paper."
2d920bd2b3f4,manual,Fungi,,1999,,excluded: duplicate of another B record,1435,refuted_inch,
45014ede0cde,manual,An Illustrated Guide to Mushrooms and Other Fungi of North America,Geoffrey Kibby,1993,,INSERTED (missing from CH),,adjudicated,"CH's only Kibby row is r2519 ""Mushrooms and Toadstools / Kibby, G. / 1979 / Oxford University Press""; the ""illustrated guide to"" rows are r1809 (trees/shrubs), r2191 (fungi on wood in New Zealand) and r3545 (Arizona weeds)."
4968a5bb40b2,manual,The Mushroom Book,Nina L. Marshall,1913,$20,already in CH,2971,refuted_inch,"r2971 'The Mushroom Book / Marshall, N.L. / 1913 / Doubleday, Page & Co. / 1st' matches author, year and publisher exactly."
f411ad44a452,manual,Eßbare Pilze und ihre giftigen Doppelgänger,Hans E. Laux,1986,,already in CH,2688,refuted_inch,"r2688 'Eßbare Pilze und ihre giftigen Doppelgänger / Laux, H.E. / 1986 / Kosmos' matches author and year; Kosmos is the Franckh'sche Verlagshandlung imprint."
d7afc9e5e4ba,manual,Guide to Common Mushrooms of British Columbia,Robert J. Bandoni; Adam F. Szczawinski,1964,,already in CH,308,refuted_inch,"r308 'Guide to Common Mushrooms of British Columbia / Bandoni, R.J. / 1964 / Brit.Col.Prov.Museum' matches lead author, year and issuing museum."
9104056c2af9,manual,The Mushroom Manual,Lorentz C. Pearson,1986,,already in CH,3580,refuted_inch,"r3580 'The Mushroom Manual / Pearson, L.C. / 1987 / Naturegraph' is the same author and publisher, one year apart (printing)."
8ca5466f772d,manual,Mushrooms of Colorado and the Southern Rocky Mountains,Vera Stucky Evenson,1997,$12.50,already in CH,1458,adjudicated,"CH r1458 ""Mushroom of Colorado / Evenson, Vera S. / 1997 / Westcliffe Publishers / Denver"" is the same 1997 Evenson book recorded under a truncated title."
31bc30c47b00,manual,Edible and Poisonous Mushrooms of Canada,J. Walton Groves,1979,$12,already in CH,1872,refuted_inch,"CH holds this revised issue at r1872 'Edible and Poisonous Mushrooms of Canada / Groves, J. Walton / 1979 / Minister of Supply and Services / Ottawa'."
4697c40a0abe,manual,Keys to Agarics and Boleti,Meinhard Moser,1983,£6.80,already in CH,3259,refuted_inch,"r3259 'Keys to Agaridcs and Boleti / Moser, M. / 1983 / Roger Phillips' matches author, year and publisher (CH title typo only)."
975018f491df,manual,Mushrooms and Toadstools,Geoffrey Kibby,1979,£12,already in CH,2519,refuted_inch,"Accepted r1302 is Duhem's 1997 HarperCollins book — a DIFFERENT work — but Kibby's is in CH at r2519 'Mushrooms and Toadstools / Kibby, G. / 1979 / Oxford University Press / Oxford'."
f4a289183716,manual,The Molds and Man,Clyde M. Christensen,1961,$3.25,already in CH,845,refuted_missing,"CH r845 ""The Molds and Man An Introduction to the fungi"" — Christensen, C. M., 1961, University of Mimmesota Press, second, Minneapolis: exact match including the subtitle, author, year, publisher and 2nd edition."
5ac8afd1ed25,manual,Materia Medica,Hermann Nothnagel; Max J. Rossbach,1883,,already in CH,3458,refuted_inch,"Accepted r4495 is 'Materia Medica / Stirling, G. / 1898' — a DIFFERENT author matched on a generic title — but this book is in CH at r3458 'A Treatise on Materia Medica / Nothnagel, H. & M.J. Rossbach / 1883 / Bermingham & Co. / 4th / New York'."
544c29c8231b,manual,Pharmacopoeia Universalis,R. James,1747,$89,already in CH,2345,refuted_inch,"r2345 'Pharmacopoeia Universalis / James, R. / 1747 / J. Hodges' matches author, year and publisher."
678be9a85090,manual,A Dispensatory,John Mayne; R. Eglesfeld Griffith,1848,$40,already in CH,3027,adjudicated,"CH r3027 ""A Despensatory and Therapeutical Remembrancer / Mayne, J. / 1848 / Lea and Blanchard / Philadelphia"" matches B exactly apart from CH's misspelling of ""Dispensatory""."
4893a909f0d6,manual,The Water Cure,James Wilson,1842,,INSERTED (missing from CH),,adjudicated,"No CH row matches; the water-cure/hydropathy rows are r2567 ""My Water-Cure / Kneipp"", r2907/2909/2910 MacFadden, r3745 Preston, r4306 Smedley and r4727 Trall, and the Wilson rows (r5103-r5114) contain no 1842 Churchill title."
7550ea15fa42,manual,Elements of Materia Medica and Therapeutics,Edward Ballard; Alfred Baring Garrod,1846,,already in CH,304,refuted_inch,"r304 'Elements of Materia Medica and Therapeutics / Ballard, E. & A.B. Garrod ... / 1846 / Hogan and Thompson' matches both authors, year and publisher."
0e4043083ebe,manual,"The New Family Herbal; or, Domestic Physician",William Meyrick,1790,,already in CH,3136,refuted_inch,"r3136 'The New Family Herbal or Domestic Physician / Meyrick, William / Pearson, Thomas / First' matches author and publisher; CH lacks the year."
c20d8de39c91,manual,(untitled capture 7fb56669),,,,excluded: not a book,,refuted_missing,app placeholder; capture matched no title/author/year evidence
f253c6f6056f,manual,The Magnetic and Botanic Family Physician,D. Younger,1884,,already in CH,5229,refuted_inch,"r5229 'The Magnetic and Botanic Family Physician / Younger, D. / E.W. Allen' matches author and publisher on a highly distinctive title."
63c0200e8adb,manual,"The Trees, Fruits, and Flowers of the Bible",Harriet N. Cook,1846,,already in CH,967,refuted_inch,"r967 'The Trees Fruits and Flowers of The Bible / Cook, H. N. / 1846 / American Tract Society' matches author, year and publisher."
f7b7f2fa1015,manual,Research on the Eucalypts,Richard T. Baker; Henry G. Smith,1902,,already in CH,294,refuted_missing,"CH r294 ""A Research on the Eucalypts Especially in Regard to Their Essential Oils"" — Baker, R.T. and H.G. Smith, 1902, William Applegate Gullick, Sydney: same work with the subtitle attached and a leading ""A""."
305b34a988fa,manual,Missouri Trees,J. E. Wylie; Ramon Gass,1973,,already in CH,5204,refuted_inch,"r5204 'Missouri Trees / Wylie, J.E. & R. Gass / 1973 / Missouri Dept. Conservation' matches both authors, year and issuer."
5e18e43f9295,manual,Trees of New York State,H. P. Brown,1921,,already in CH,637,adjudicated,"CH r637 ""Trees of New York State Native and Naturalized / Brown, H.P. / 1921 / Syracuse University"" is the identical title, author and year with B's subtitle run into the title."
8323ff178aa8,manual,Forest Trees of Illinois,,1950,,already in CH,1636,refuted_inch,"r1636 'Forest Trees of Illinois / Fuller, G.D., Link, G.M. / 1950 / Department of Conservation / 7th' matches year, issuer and 7th edition; B's copy simply lists no author."
4f0f2bc68d3a,manual,"Descriptive Guide to the Grounds, Buildings and Collections",,1909,,already in CH,2256,adjudicated,"CH r2256 ""Descriptive Guide to the Grounds Buildings and Cillections-Native Trees of The Hudson River Valley / Hudson-Fulton Celebration Commission / 1909"" is the same 1909 item with the subtitle appended and ""Collections"" mistyped."
d77c469cab7f,manual,Guide to Some of East Africa's Flowering Trees and Shrubs,,2020,,already in CH,186,refuted_inch,"r186 'Guide to Some of East Africas Flowering Trees and Shrubs / Anonymous / 1981 / Ines May-Publicity' is the same distinctive title; B's 2020 year is a reprint/data artifact, both sides authorless."
9910ad724f1b,manual,The Tree Giants,Bill Schneider,1988,,already in CH,4152,refuted_inch,"r4152 'The Tree Giants / Schneider, Bill / 1988 / Falcon Press Pub. Co. Inc.' matches author, year and publisher exactly; B only adds the subtitle."
4fa5cbdb1ab9,manual,Introduction to the Eucalypts,,,$7,INSERTED (missing from CH),,adjudicated,"CH's eucalypt rows are r294 Baker, r478 Blakely ""A Key to the Eucalypts"", r1222 ""The Eucalyptus / Dept. of Agriculture, Dept. of Forestry"", r2176 Holliday, r2494 Kelly ""Eucalypts"", r3595/3596 Penfold — none is titled ""Introduction to the Eucalypts"", though B's row is authorless so r1222 cannot be ruled out with certainty."
433cb903a755,manual,Trees and Shrubs of Mexico,Paul C. Standley,1920,,INSERTED (missing from CH),,adjudicated,"No CH row is titled ""Trees and Shrubs of Mexico"" (the full ""trees and shrubs"" list runs r138-r5110 with no Mexico entry) and CH's Standley rows are Contributions from the U.S. National Herbarium V13/V17/V18/V20 (r4417-r4421), never vol 23."
866be3255ba7,manual,Trees and Shrubs of Mexico,Paul C. Standley,1933,,INSERTED (missing from CH),,adjudicated,"Same absence as the Gleicheniaceae-Betulaceae part: CH holds no ""Trees and Shrubs of Mexico"" row and no Standley Contributions vol 23 (its Standley rows are r4417 V20 pt6, r4418 V13 pt11, r4420 V18 pt3, r4421 V17 pt5)."
78fd0670650f,manual,Trees and Shrubs of Mexico,Paul C. Standley,1868,,excluded: duplicate of another B record,,adjudicated,
4f712d50c31e,manual,The Audubon Society Nature Guides,Ann Sutton; Myron Sutton,1986,$9.50,already in CH,4536,adjudicated,"CH r4536 ""Eastern Forests / Sutton, A. & M. Sutton / 1986 / Alfred A. Knopf / New York"" is the same volume, stored under the volume title rather than the Audubon series title."
9f7fa4e721e2,manual,Trees and Shrubs of the Kruger National Park,L. E. W. Codd,1951,,already in CH,960,adjudicated,"CH r960 ""Trees & Shrubs of the Kruger National Park / Cood, L.E.W. / 1951 / Government Printer / Pretoria"" is the same book with the surname mistyped as Cood for Codd."
b9a7f3f1f808,manual,Trees of Santa Barbara,Katherine K. Muller; Richard E. Broder; Will Beittel,1974,,already in CH,3879,final_gate,"OVERTURNS the prior reviewer. CH r3879 'Trees of Santa Barbara / Rensselaer, M.V. / 1948 / Santa Barbara Botanic Garden' is the same work: identical title, identical publisher (Santa Barbara Botanic Garden), and Pacific Horticulture's history of the book describes Van Rensselaer (1940, 1948), Muller/Broder/Beittel (1974) and R. Muller & Haller (2005) as successive revisions of one reference work, "
cf762df6d1e2,manual,Forest Trees of Maine,,1975,,already in CH,2640,refuted_inch,"r2640 'Forest Trees of Maine / LaBonte, G.A. et al / 1973 / Maine Forestry Dept. / 10th ed.' is the same 10th edition of the state department publication; B's 1975 is a later printing."
85f7254a7dc8,manual,The Book of Trees,Alfred Carl Hottes,1932,,already in CH,2218,refuted_inch,"r2218 'The Book of Trees / Hottes, Alfred / 1932 / A. T. De La Mare Co' matches author surname, year and publisher."
40531115cf3d,manual,Trees of Southern Africa,Eve Palmer; Norah Pitman,1972,,INSERTED (missing from CH),,adjudicated,"No CH row matches Palmer & Pitman; searching ""southern africa"", ""palmer"", ""pitman"" and ""balkema"" gives only r2283 ""A Botanist in Southern Africa / Hutchinson"", r4463 ""Some South African Poisonous & Inedible Fungi"", and the nearest ""Trees of"" rows are r3520 Trees of Central Africa (Palgrave) and r1517 Trees of South Dakota."
000f7943b6af,manual,Trees and Shrubs throughout the Year,Blanche Henrey; W. J. Bean,1945,,already in CH,2083,refuted_inch,"r2083 'Trees and Shrubs Throughout the Year / Henrey, B., and W.J. Bean / 1945 / Lindsay Drummond Ltd. / 2nd' matches both authors, year and edition."
e5c49e923a48,manual,Native Trees of Canada,Ken Trayser; Lisa Trayser,1961,,already in CH,1214,refuted_inch,"The accepted r265 (B.R. Morton, 1917, Dept. of the Interior) is the wrong printing, but CH does hold this book at r1214 'Native Trees of Canada / Department of Forestry / 1961 / 6th', matching B's 1961 6th edition exactly."
9b7b2af55c19,manual,Illustrated Guide to Trees and Shrubs,Arthur Harmount Graves,1956,$7.50,already in CH,1809,refuted_inch,"r1809 'Illustrated Guide to Trees and Shrubs / Graves, A.H. / 1956 / Harper & Row / Revised' matches author, year, publisher and revised edition; B only adds the subtitle."
b0735998d9f7,manual,A Key to the Eucalypts,W. F. Blakely,1965,,already in CH,478,refuted_inch,"r478 'A Key to the Eucalypts / Blakely, W.F. / 1965 / Forestry and Timber Bureau' matches author, year and publisher; B only adds the descriptive subtitle."
d1e50f666ed2,manual,The Indigenous Trees of the Uganda Protectorate,William J. Eggeling; Ivan R. Dale,1951,£80,already in CH,1380,refuted_inch,"r1380 'The Indigenous Trees of the Uganda Protectorate / Eggeling, W.J. / 1951 / Govt. of Uganda Protectorate' matches lead author, year and issuing body."
fa0c8610c2cb,manual,Trees of Santa Barbara,Maunsell Van Rensselaer,1948,$6,already in CH,3879,refuted_inch,"r3879 'Trees of Santa Barbara / Rensselaer, M.V. / 1948 / Santa Barbara Botanic Garden' is exactly B's Maunsell Van Rensselaer 1948 record."
30f8abb68b64,manual,Trees of Southern Africa,Eve Palmer; Norah Pitman,1972,,INSERTED (missing from CH),,adjudicated,"Same as vol 2 — CH has no Palmer/Pitman entry and no ""Trees of Southern Africa""; the closest is r3520 ""Trees of Central Africa / Palgrave, O.H.C. / 1957"", a different author and work."
1f96e116f1cc,manual,Key to the Trees of the San Bernardino Mountains,,,$7.50,already in CH,3338,refuted_inch,r3338 'Key to the Trees of the San Bernardino Mountians' is the same distinctive title with a typo; neither side carries an author.
543231cb3e9a,manual,The Complete Guide to North American Trees,Thomas S Elias,1980,,already in CH,1392,adjudicated,"CH r1392 ""The Complete Trees of North America / Elias, T.S. / 1980"" is Elias's 1980 ""Field Guide and Natural History"" — same author, year and subtitle, with the title words reordered."
f7cbed201ace,manual,Tropical Trees,Dorothy Hargreaves; Bob Hargreaves,1965,$3.35,already in CH,1982,refuted_inch,"r1982 'Tropical Trees / Hargreaves, D. and B. Hargreaves / 1965 / Hargreaves Intl.' matches both authors and year; publisher wording differs only slightly."
4a165b8c6819,manual,Forest Trees of the Pacific Slope,George B. Sudworth,1908,$10,already in CH,4530,refuted_inch,"r4530 'Forest Trees of the Pacific Slope / Sudworth, G.B. / 1908 / United States Government' matches author, year and government imprint."
7b1dec0b15f4,manual,Silvics of North America,Russell M. Burns; Barbara H. Honkala,1990,$15,already in CH,694,adjudicated,"CH r694 ""Silvics of North America 2 vols / Burns, R.M. and B.H. Honkala / 1990"" covers both volumes as one row, so B's Volume 2 (Hardwoods) is already held."
c843b8668203,manual,Silvics of North America,Russell M. Burns; Barbara H. Honkala,1990,,already in CH,694,adjudicated,"CH r694 ""Silvics of North America 2 vols / Burns, R.M. and B.H. Honkala / 1990"" is the same set listed collectively, so volume 1 (Conifers) is covered."
e674c80bfaf4,manual,Trees and Shrubs of Massachusetts,George B. Emerson,1887,$15,already in CH,1413,refuted_inch,"Emerson's work is in CH twice — r1414 'Trees and Shrubs of Massachusetts 2 vols / Emerson, G.B. / 1975' (the accepted row) and, matching B's subtitle and edition precisely, r1413 'A Report of the Trees and Shrubs Growing Naturally in the Forests of Massachusetts 2 Vols / Emerson, G.B. / 18871894 / Little, Brown, and Co. / 4th & 5th'."
c8b77948961d,manual,Trees of Southern Africa,Eve Palmer; Norah Pitman,1972,£600,INSERTED (missing from CH),,adjudicated,"CH contains no Palmer & Pitman row at all — ""palmer"", ""pitman"", ""balkema"" and ""southern africa"" searches return only unrelated rows such as r2283 ""A Botanist in Southern Africa / Hutchinson, J. / 1946""."
f43c9a8160f0,manual,Propolis,Felix Murat,1982,,already in CH,3305,refuted_missing,"CH r3305 ""Propolis The Eternal Natural Healer"" — Murat, F., 1982 (duplicated at r3306): title-plus-subtitle, author and year all match."
8160a058bcba,manual,The Occasional Papers of the Rhodes-Livingstone Museum,W. Gilges,1955,$30,already in CH,1723,refuted_missing,"CH r1723 ""Some African Poison Plants and Medicines of Northern Rhodesia"" — Gilges, W., 1955, Rhodes-Livingstone Museum, Livingstone: CH stores the actual paper title where B stores the series name plus that title as subtitle."
ceac6c2d707a,manual,Curative Properties of Honey and Bee Venom,N. Yoirish,1959,$1.25,already in CH,5222,refuted_inch,"r5222 'Curative Properties of Honey and Bee Venom / Yoirish, N. / 1959 / Foreign Languages Pub. House' matches author, year and publisher."
981e0c0ce205,manual,Common Poisonous Plants of the Northern Plains,Leo J. Schermeister; Orin A. Stevens; Job H. York; Alice H. Peterson,1967,$10,already in CH,4141,adjudicated,"CH r4141 ""Common Poisonous Plants of the Northern Plains Dangerous to Man / Schermeister, L.J. et al. / 1967 / North Dakota Institute for Regional Studies"" (duplicated at r4140) matches title, subtitle, author, year and publisher."
bda083de80f4,manual,ABC and XYZ of Bee Culture,A. I. Root; E. R. Root,1910,,already in CH,4001,refuted_inch,"r4001 'The ABC and XYZ of Bee Culture / Root, A.I. & E. R. Root / 1910 / The A.I. Root Company' matches both authors, year and publisher; only the leading 'The' differs."
c109888f65f5,manual,Poisonous Plants,Richard A. Howard; Gordon P. De Wolf Jr.; George H. Pride,1974,,already in CH,2235,adjudicated,"CH r2235 ""Living With Poisonous Plants / Howard, R.A.; De Wolf, G.P. / 1974 / Arnold Arboretum of Harvard University / Jamaica Plain, Mass."" is B's subtitle, author, year and publisher exactly."
b3e9d578b22a,manual,Poisonous Plants,,1963,,already in CH,2996,adjudicated,"CH r2996 ""Poisonous Plants in Virginia / Massey, A.B. / 1963 / Agriculture Institute / Blacksberg, VA"" matches B's year, city and issuing body (with CH also holding the 1943 issue as r2997 ""Bulletin of the Virginia Polytechnic Institute: Poisonous Plants""); B's row is authorless so the identification rests on year plus place."
760e0259ca69,manual,Some Important Poison Plants of North Australia,Poison Plants Committee,1934,,already in CH,4634,refuted_inch,r4634 'Some Important Poison Plants of North Australia / The Poison Plants Committee / 1934' matches corporate author and year; CH records the printer H.J. Green where B records the issuing council.
e613b405732c,manual,Know Your Poisonous Plants,Wilma Roberts James,,,already in CH,2348,refuted_inch,"r2348 'Know Your Poisonous Plants / James, W.R. / 1973 / Naturegraph Publishers' matches Wilma Roberts James and the publisher; B supplies no year to conflict."
4bc1906f8063,manual,British Poisonous Plants,A. A. Forsyth,1954,£3,already in CH,1573,refuted_inch,"r1573 'British Poisonous Plants / Forsyth, A.A. / 1954 / Her Majesty's Stationery Office' matches author, year and publisher exactly."
78a667e6fd68,manual,Poisonous Plants of the United States,Walter Conrad Muenscher,1951,,already in CH,3277,refuted_inch,"r3277 'Poisonous Plants of the United States / Muenscher, W.C. / 1951 / Macmillan Co.' matches author, year and publisher."
0553e8f27eef,manual,The Poisonous Plants in New Zealand,H. E. Connor,1977,$14,already in CH,954,refuted_inch,"r954 'The Poisonous Plants in New Zealand / Connor, H.E. / 1977' matches author and year; CH names the Government Printer (E.C. Keating) where B names the DSIR."
fed0f478cb2c,manual,Bee Venom,Joseph Broadman,1962,,already in CH,614,refuted_missing,"CH r614 ""Bee Venom The Natural Curative for Arthritis and Rheumatism"" — Broadman, J., 1962, G.P.PUtnam's Sons, 1st, New York: exact match with the subtitle appended."
1af2914bbf69,manual,The XXIInd International Beekeeping Congress,,1969,,already in CH,209,refuted_inch,"r209 'The XXIInd International Beekeeping Congress / Apimondia / 1969 / Apimondia Publishing House' matches the distinctive congress number, year and publisher."
deaa2b1edb6c,manual,Die Gift- und Arzneipflanzen von Mitteleuropa,Otto Geßner,1953,,already in CH,1681,refuted_inch,"r1681 'Die Gift-und Arzneipflanzen von Mitteleuropa / Gefner, O. / 1953 / Carl Winter' is Otto Gessner (CH's 'Gefner' is a mangled ess-zett), same year and publisher."
3cbe1722e20a,manual,The Golden Pollen,Marjorie McCormick,1984,,already in CH,3044,refuted_inch,"r3044 'The Golden Pollen / McCormick, M. / 1984 / Busiest Bee Publications / 3rd' matches author, year, publisher and edition."
476694b4a7fe,manual,The Practical Bee Guide,J. G. Digges,1952,£4,already in CH,1243,refuted_inch,"r1243 'The Practical Bee Guide / Digges, J.G. / 1932 / The Talbot Press / 7th' is the same 7th edition of Digges' manual; B's 1952 is a later impression."
3a8251c23be5,manual,Carnival and Coca Leaf,Douglas Gifford; Pauline Hoggarth,1976,,already in CH,1714,refuted_inch,"r1714 'Carnical and Coca Leaf / Gifford, D. & P. Hoggarth / 1976 / Scottish Academic Press' is the same book with 'Carnival' mistyped; authors, year and publisher match."
f23fb753c83c,manual,Beekeeping,Everett Franklin Phillips,1915,,already in CH,3649,refuted_inch,"r3649 'Beekeeping / Phillips, E.F. / 1915 / Macmillan Co.' matches Everett Franklin Phillips, year and publisher."
300a90406225,manual,Honey Plants of North America,John H. Lovell,1926,$24,already in CH,2866,refuted_inch,"r2866 'Honey Plants of North America / Lovell, J.H. / 1926 / A.I. Root Company' matches author, year and publisher."
6b6e279e3ed3,manual,Marijuana,Loren L. Miller,1974,$25,INSERTED (missing from CH),,adjudicated,"Grepped every ""marijuana/marihuana"" row (r195, r773, r1867, r3028, r3232, r3339, r3361-r3363, r3470, r3849, r3865, r3975, r4426) plus ""Human Behavior"" and ""Miller, L"" — CH's only Miller is r3155 ""Herbal Medicinals A Clinicians Guide""; Loren Miller's 1974 Academic Press volume is absent."
7571d85fba50,manual,The Mushroom Basket,Andrew L. March; Kathryn G. March,1982,$8.95,already in CH,2958,refuted_inch,"r2958 'The Mushroom Basket / March, A.L. & K.G. / 1982 / Meridian Hill Publications' matches both Marches, year and publisher; B only adds the long subtitle."
e36b526f00d8,manual,Morel,V. V. Thompson,,,already in CH,4668,refuted_missing,"CH r4668 ""Morel: A Lifetime Pursuit"" — Thompson, Tommy, 1994, Missouri Mycological Society, Glencoe, MO: same title-plus-subtitle, same publisher, author given as ""Tommy"" rather than B's initials."
d5fe8fe3acaa,manual,The Spotter's Guide to Mushrooms,Aurel Dermek,1989,$9.95,already in CH,1227,refuted_missing,"CH r1227 ""Mushrooms and Other Fungi"" — Dermek, Aurel, 1989, Dorset Press, New York: identical author, year, publisher and city; CH simply drops the ""Spotter's Guide to"" series wrapper (r1226 is the 1985 Arco printing)."
1cd1d5886043,manual,Fungi of Northern Europe,Sven Nilsson; Olle Persson,1978,,already in CH,3446,adjudicated,"r3446 ""Fungi of Northern  Europe 2 vols / Nilsson, S. and O. Persson / 1978 / Penguin Books"" is the same Penguin set, and CH bundles both volumes in that one row."
72cdabacb66d,manual,Fungi of Northern Europe,Sven Nilsson; Olle Persson,1978,,already in CH,3446,adjudicated,"Same row r3446 ""Fungi of Northern  Europe 2 vols / Nilsson, S. and O. Persson / 1978 / Penguin Books"" — CH does not list the volumes separately, so vol. 2 is covered."
b06d8572d6be,manual,Simon and Schuster's Guide to Mushrooms,Gary H. Lincoff,1981,,already in CH,3506,refuted_inch,"r3506 'Simon and Schusters Guide to Mushrooms* / Pacioni, G. / 1981 / Simon and Schuster' (and duplicate r3507) is the same 1981 work — Pacioni wrote it, Lincoff edited the US edition."
45d35c83b5ff,manual,Handbook of British Fungi,M. C. Cooke,1871,,already in CH,977,adjudicated,"r977 ""Handbook of British Fungi 2 vols / Cooke, M.C. / 1871 / Macmillan and Co. / 1st"" matches title, author, year and publisher; CH holds both volumes as one row."
4105a5730543,manual,Edible Fungi,John Ramsbottom,1948,,INSERTED (missing from CH),,refuted_missing,"Grepped ""Ramsbottom"" (r3822/r3823/r3826 Handbook of the Larger British Fungi, r3824 ""Poisonous Fugni"" Penguin 1945, r3825 Mushrooms & Toadstools) and ""Edible Fungi"" (only r974 Cooke ""British Edible Fungi"", r504/r3180 ""Edible and Poisonous Fungi"") and ""Penguin"" — CH holds the companion Poisonous Fungi but not Ramsbottom's Edible Fungi."
192d991a6c5e,manual,A Field Guide to Mushrooms of North America,Kent H. McKnight; Vera B. McKnight,1987,,already in CH,3071,adjudicated,"r3071 ""A Field Guide to Mushrooms / McKnight, K.H. / 1987 / Houghton Mifflin / 1"" is the same Peterson field guide, CH just dropping the ""of North America"" tail."
4e951f1e8b0b,manual,British Fungi,George Massee,,,excluded: duplicate of another B record,2992,adjudicated,
c4f17a0377dc,manual,British Fungus Flora,George Massee,1895,,already in CH,2993,adjudicated,"r2993 ""British Fungus-Flora 4 vols / Massee, G. / 1892 / George Bell & Sons / 1st"" is the same four-volume Massee work (1892 first volume vs B's 1895 vol. 4), listed as a single row."
c2cbce184f94,manual,A Text-Book of Mycology,Ernst Athearn Bessey,1935,,already in CH,436,refuted_inch,"r436 'A Text-Book of Mycology / Bessey, E.A. / 1933 / P. Blakiston's Son & Co.' matches author and publisher; 1933 vs 1935 is a printing difference."
d0de0ebb3604,manual,Champignons du Nord et du Midi,André Marchand,1974,,already in CH,2961,adjudicated,"r2961 ""Champignons du nord et du midi 8 volumes / Marchand, A. / 1982 / Societe Mycologique des Pyrenees Mediterraneennes / Perpignan"" is the same Marchand set from the same society; B's item is one volume of it."
c47f9a55933c,manual,Mycomedicinals,Paul Stamets; C. Dusty Wu Yao,,,excluded: duplicate of another B record,4415,refuted_missing,
1a6669156d3f,manual,Mushrooms for Color,Miriam Rice,1980,,already in CH,3894,refuted_inch,"r3894 'Mushrooms for Color / Rice, M.C. / 1980 / Mad River Press, Inc.' matches Miriam Rice, year and publisher."
b7f11e77cc25,manual,The Shiitake Way,Jennifer Snyder,,,already in CH,4359,refuted_inch,"r4359 'The Shiitake Way / Snyder, Jennifer / 1993 / The Book Publishing Co.' matches the author by full name; B carries no year to conflict."
f5134fd69993,manual,Medicinal Mushrooms,Christopher Hobbs,1986,,already in CH,2145,refuted_inch,"r2145 'Medicinal Mushrooms / Hobbs, C. / 1986 / Botanica Press' matches Christopher Hobbs, year and publisher."
41932f6b3773,manual,Praktische und lohnende Champignonkultur,A. Amelung; Robert Betten,1927,,INSERTED (missing from CH),,refuted_missing,"Grepped ""Champignonkultur"", ""Pilzkultur"", ""lohnende"", ""Jedermann"", ""Amelung"", ""Betten"" — all empty; the ""Champignon"" hits are all French works (r980, r3015, r3228 etc.), no German cultivation manual."
5ab7e25b584e,manual,Mycomedicinals,Paul Stamets; C. Dusty Wu Yao,,,excluded: duplicate of another B record,4415,refuted_missing,
adc5b557c015,manual,Handbook Guide to Mushrooms and Other Fungi,Aurel Dermek,1985,,already in CH,1226,adjudicated,"r1226 ""Mushrooms and Other Fungi / Dermek, A. / 1985 / Arco Publishing / New York"" matches author, year, publisher and city exactly; CH stores the title without the ""Handbook Guide to"" prefix (r1227 is the 1989 Dorset reissue)."
43af54c64a60,manual,Mushrooms and Other Fungi,Aurel Dermek,1985,,already in CH,1226,refuted_inch,"r1226 'Mushrooms and Other Fungi / Dermek, A. / 1985 / Arco Publishing' matches Aurel Dermek, year and publisher."
41b1f97b0db8,manual,Wild Mushrooms of Telluride,Linnea Gillman; Art Goodtimes; Gary Lincoff; Emanuel Salzman; Jason Salzman,1996,,already in CH,1731,refuted_inch,"r1731 'Wild Mushrooms of Telluride / Gillman, L. et al. eds. / 1990 / Fungophile, Inc.' is the same Gillman-edited Fungophile title; B's 1996 is the 2nd edition."
e7b801be34e7,manual,The Fungi,G. C. Ainsworth; Alfred S. Sussman,1966,,already in CH,56,adjudicated,"An ""Ainsworth"" grep found r56 ""The Fungi Volume II The Fungal Organism / Ainsworth, G.C. & A.S. Sussman / 1966 / Academic Press / New York"" — CH lists the treatise volume by volume (r57 is v.1, The Fungal Cell), and B's vol. 2 is r56."
84a1fc626ecd,manual,Kombucha,Günther W. Frank,1995,,INSERTED (missing from CH),,refuted_missing,"Grepped ""Kombucha"" — only r2942 ""The Essential Kombucha"" by Malczewski, Andra A., 1994, a different author's work; ""Frank, G"", ""Ennsthaler"", ""Teepilz"", ""Beverage"" all returned nothing for Günther Frank's book."
0f9ff528b132,manual,Guida Compact di Funghi,Ettore Bielli,,,already in CH,446,refuted_missing,"CH r446 ""Funghi"" — Bielli, E., 1998, Instituto Geografico De Agostini, Novara (duplicated at r447): same author, publisher and city, with CH storing the bare title without the ""Guida Compact di"" series wrapper."
27d50ae819a4,manual,The Biology of Fungi,C. T. Ingold,1984,,already in CH,2305,refuted_inch,"r2305 'The biology of fungi / Ingold, C.T. / 1986 / Hutchinson & Co.' matches author and publisher; 1984 vs 1986 is a printing of the same edition."
27504269df93,manual,British Fungi,George Massee,1800,,excluded: duplicate of another B record,2992,adjudicated,
eeb64b7f0798,manual,A Text-Book of Mycology,Ernst Athearn Bessey,1935,,excluded: duplicate of another B record,436,refuted_inch,
c9391b9d7dec,manual,The Stipitate Hydnums of the Eastern United States,William C. Coker; Alma H. Beers,1951,,already in CH,930,refuted_inch,"r930 'The Stipitate Hydnums of the Eastern United States / Coker, W.C. and A.H. Beers / 1970 / Verlag Von J. Cramer' matches both authors and B's J. Cramer reprint imprint."
115b29dc8157,manual,Rivista di studi ed applicazioni delle piante medicinali,,1996,,INSERTED (missing from CH),,refuted_missing,"Grepped ""Fitoterapia"" (only r4868 ""Maca Planta Medicinal..."" published by Instituto de Fitoterapia Americano), ""Rivista"", ""piante medicinali"" (only r3693 ""Piante Medicinali"" by Podlech, a different book) — CH has no run of this Italian journal."
32db10dd497e,manual,Journal of Ethnobiology,,1983,,INSERTED (missing from CH),,refuted_missing,"Grepped ""Ethnobiology"" — only r425/r426 ""Medical Ethnobiology of the Highland Maya"" (Berlin) and r1151 ""Passage of Darkness The Ethnobiology of the Haitian Zombie"" (Davis); the journal itself is not in CH."
ddc90bc74908,manual,Wild Mushroom Cookery,Mike Wells; Maggie Rogers; Roxanne Piekenbrock; Dick Piekenbrock,1987,,already in CH,5030,refuted_inch,"r5030 'Wild Mushroom Cookery / Wells, M. et al, eds. / 1987 / The Oregon Mycological Society / first' matches lead editor, year, publisher and edition."
56b809b44938,manual,British Fungi,M. C. Cooke,1884,,already in CH,973,adjudicated,"r973 ""A Plain and Easy Account of British Fungi with especial reference to the Esculent and Economic species / Cooke, M. C. / 1884 / W. H. Allen & Co. / Fifth / London"" matches year, publisher and 5th edition exactly — CH stores the subtitle as the title."
d2d50b87aef5,manual,Puffballs and Their Allies in Michigan,Alexander H. Smith,1951,,already in CH,4319,refuted_inch,"r4319 'Puffballs and Their Allies in Michigan / Smith, Alexander H. / 1951 / University of Michigan Press' matches author, year and publisher exactly."
07c92da85fa6,manual,Chemical Activities of Fungi,Jackson W. Foster,1949,$12,already in CH,1579,refuted_inch,"r1579 'Chemical Activities of Fungi / Foster, J.W. / 1949 / Academic Press Inc.' matches Jackson W. Foster, year and publisher."
dee144f58459,manual,Foraging for Edible Wild Mushrooms,Karen Haard; Richard Haard,1974,,already in CH,1909,refuted_inch,"r1909 'Foraging for Edible Wild Mushrooms / Haard, K. & R. / 1974 / Cloudburst Press Ltd.' matches both Haards, year and publisher; only the edition statement differs."
2af82698a868,manual,Fungi of Temperate Europe,Thomas Læssøe; Jens H. Petersen,,,INSERTED (missing from CH),,adjudicated,"Searched ""Temperate"", ""Laessoe"", ""Petersen"", ""Princeton University Press"" and every CH title beginning ""Fungi"" — CH's only Laessoe is r2642 ""The Mushroom Book"" and no Princeton mycology title exists, so this 2020 work is absent."
a37e9f8208ef,manual,Fungi of Temperate Europe,Thomas Laessoe; Jens H. Petersen,2020,,INSERTED (missing from CH),,adjudicated,"Same searches as vol. 2: the closest CH rows are r3446 ""Fungi of Northern  Europe 2 vols"" (Nilsson/Persson) and r4467 ""Fungi of Britain and Northern Europe"" (Sterry) — different authors and different works."
6ed3e5821413,manual,Fundamentals of the Fungi,Elizabeth Moore-Landecker,1996,,already in CH,3226,refuted_inch,"r3226 'Fundamentals of the Fungi / Moore-Landecker, E. / 1972 / Prentice-Hall / 3rd' matches author, publisher and the 3rd-edition statement; CH's 1972 year looks mistyped for the same 3rd edition B dates 1996."
9df84d6e3012,manual,The Fungi,Sarah C. Watkinson; Lynne Boddy; Nicholas P. Money,2016,,INSERTED (missing from CH),,adjudicated,"No Watkinson, Boddy or Money anywhere in CH; the CH rows titled ""The Fungi"" are r56/r57, Ainsworth & Sussman's 1965-66 Advanced Treatise, a different work from the Watkinson/Boddy/Money textbook."
1c7887c53063,manual,Mr Jackson's Mushrooms,H.A.C. Jackson; Mimi Cazort,1979,,already in CH,770,refuted_inch,"r770 'Mr Jacksons Mushrooms / Cazort, M. ed. / 1979 / National Gallery of Canada' is the same 1979 National Gallery title; B lists both the artist Jackson and editor Cazort."
96201b589c78,manual,Der Pilz-Sammler,Gotthold Hahn,1903,£140,already in CH,1923,refuted_missing,"CH r1923 ""Der Pilz-Sammler oder Anleitung zu Kenntnis der Wichtigsten Pilze Deutschlands"" — Hahn, Gotthold, 1903, Herm. Kanitz' Verlag, 3rd, Gera: same title, author, year, publisher and 3rd edition, subtitle merely truncated."
4e30f7307626,manual,Fungi of Britain and Europe,Stefan Buczacki,1989,,already in CH,667,adjudicated,"r667 ""New Generation Guide to the Fungi of Britain and Europe / Buczacki, S. / 1989 / University of Texas Press / Austin"" is the same book with the series prefix attached — author, year, publisher and city all match."
f05d8ea34366,manual,Handbuch für Pilzfreunde,Edmund Michael; Bruno Hennig,1967,$75,already in CH,2081,refuted_inch,"CH lists the Michael/Hennig volumes separately; the accepted r2080 is the 1958 volume, but B's 1967 Jena volume matches r2081 'Handbuch fur Pilzfreunde / Hennig, B. (Michael/Hennig) / 1967 / VEB Gustav Fischer Verlag Jena' exactly (r2079 also holds a 4-volume set)."
6c9f59ec125a,manual,The Savory Wild Mushroom,Margaret McKenny; Daniel E. Stuntz; Varro E. Tyler; Angelo M. Pellegrini,1971,,already in CH,3066,refuted_inch,"r3066 'The Savory Wild Mushroom / McKenny, M. / 1962 / Univ. of Washington Press / 2' is McKenny's book; B's 1971 revised-and-enlarged is a later printing of the same work (CH's separate r3065 is the distinct 1987 'New Savory Wild Mushroom')."
172ee26d3a20,manual,A Guide to Mushrooms and Toadstools,Morten Lange; F. Bayard Hora,,,already in CH,2662,refuted_inch,"r2662 'A Guide to Mushrooms and Toadstools / Lange, Morton and F. Bayard Hora / 1963 / E.P. Dutton and Co.' matches both authors and publisher."
94eacff0b309,manual,How to Identify Mushrooms to Genus I,David L. Largent,,$13.95,already in CH,2667,adjudicated,"r2667 ""How to Identify Mushrooms to Genus I: Macroscopic Features / Largent, D.L. / 1986 / Mad River Press / 2nd"" is a title-for-title match with B's untitled-publisher record."
3a2ba60cecb4,manual,Der große Pilzführer,Bruno Cetto,1979,,already in CH,774,adjudicated,"r774 ""Der grobe Pilzfuhrer 3 volumes / Cetto, B. / 1979 / BLV Verlagsgesellschaft / Munich"" (CH's ss/umlaut-stripped spelling) covers all three volumes in one row."
82074d013383,manual,Der große Pilzführer,Bruno Cetto,1979,,already in CH,774,adjudicated,"Same r774 ""Der grobe Pilzfuhrer 3 volumes / Cetto, B. / 1979 / BLV Verlagsgesellschaft"" — CH does not break the set into separate volume rows."
d38e0acead95,manual,Der große Pilzführer,Bruno Cetto,1979,$125,already in CH,774,adjudicated,"Same r774 ""Der grobe Pilzfuhrer 3 volumes / Cetto, B. / 1979 / BLV Verlagsgesellschaft""; B's ""5th, revised"" is just a later printing of the same volume 1."
b515899d7bd3,manual,Handbuch für Pilzfreunde,Michael Hennig,1958,€60,already in CH,2080,refuted_inch,"r2080 'Handbuch fur Pilzfreunde / Hennig, B. (Michael/Hennig) / 1958 / VEB Gustav Fischer Verlag' matches B's volume 1, 1958, same publisher."
6895395eb931,manual,Führer für Pilzfreunde,Edmund Michael; Bruno Hennig; J. Schäffer; Roman Schulz; Kniep,1927,,already in CH,3139,refuted_inch,"r3139 'Fuhrer fur Pilzfreunde / Michael, E. / 1918' is Michael's earlier Fuhrer series (distinct from the Michael/Hennig Handbuch at r2079-2081); B's 1927 is a later thousand-printing of the same work and CH holds no other Fuhrer row."
dff233110798,manual,Pharmacotherapeutics,Solomon Solis-Cohen; Thomas Stroussburg Githens,1928,$40,already in CH,4363,adjudicated,"A ""Githens"" grep found r4363 ""Pharmacotherapeutics Materia Medica and Drug Action / Solis-Cohen, S. & T.S. Githens / 1928 / D. Appleton & Co. / 1st / New York"" — an exact match the candidate list missed entirely."
1e4dc3c8d6e6,scan,"Practice of curing diseases, 1681",,1681,$220,excluded: duplicate of another B record,,adjudicated,"Same physical book recorded twice: a dictated scan (""Practice of curing diseases, 1681"") and the manual catalogue row for Salmon's ""The Practice of Curing Diseases"" (Seu Praxis Medendi). The matching 220 price on both sides is strong evidence of a single acquisition, and the page counts are in the same range (795 vs 762) for the same folio. The dictated 1681 is the unreliable-year case flagged in "
24d0d02d34f5,scan,The modern practice of physic,,1824,,already in CH,4652,refuted_inch,"r4652 'The Modern Practice of Physic / Thomas, Robert / 1824 / S. B. Collins' matches B's 1824 exactly and the title is unique in CH (other 'practice of physic' rows are Cullen, Shaw and Mosan)."
1236ed91efb4,scan,An introduction to botany,,,$35,already in CH,2805,refuted_inch,"r2805 'An Introduction to Botany / Lindley, J. / 1839 / Longman,Orme, Brown, Green, and Longmans / 3rd' is CH's only row with this exact title (r2713 is Lee's 'Introduction to the Science of Botany'); B supplies no author or year to contradict it, so the match is plausible but unverifiable."
f165f34ae294,scan,Elements of Botany,R. J. Thornton. An,,,already in CH,4680,refuted_inch,"r4680 'Elements of Botany / Thornton, R.J. / 1812' matches B's R. J. Thornton attribution (CH's other Elements rows are Bergen and Gray); r4681 is the same Thornton title in a 2-vols-in-1 copy."
cd2f2cc1f77c,scan,Bilder or Nordens Flora,,1905,,excluded: duplicate of another B record,,refuted_missing,"All four are Lindman's 'Bilder ur Nordens flora'. 66aaebcc99be (vol 3) and e558499e6814 (vol 2) are separate volumes of the set and both stay. The scan record cd2f2cc1f77c 'Bilder or Nordens Flora' is dictation of the Swedish title ('or' for 'ur'), has no author or publisher, and carries no volume - it matches the one volumeless manual record, cd9a9c09d2a1, which has the full author (Carl Axel Mag"
7913bf8104f0,scan,Drugs and Medicines of North America,,1884,,already in CH,2845,refuted_inch,"The accepted r3760 carries a garbled author ('Prosser, C. S.') but the right imprint; CH plainly holds the book at r2845 'Drugs and Medicines of North America / Lloyd, J.U. & C.G. / 1884 / J.U. & C.G. Lloyd', matching B's 1884 exactly."
69d041ecbb70,scan,A History of the Vegetable Kingdom,William Rind. Paid,,$100,already in CH,3888,refuted_inch,"r3888 'A History of the Vegetable Kingdom / Rhind, W. / 1860 / Blackie & Son, Glascow' matches B's author (OCR'd as 'William Rind'); r3889 holds the 1868 issue."
54058d41c650,scan,An Introduction to Botany,,,,excluded: duplicate of another B record,2805,refuted_inch,
95580278f8f3,scan,The British Flora Medica or History of the Medicinal Plants,,,,already in CH,323,adjudicated,"r323 ""The British Flora Medica: A History of the Medicinal Plants of Great Britain / Barton, B.H. & T. Castle (revised by J. R. Jackson) / 1877"" is the same work, CH carrying the fuller subtitle (r326 is the earlier 1837 two-volume issue)."
52109878fd0e,scan,The Thompsonian Materia Medica or Botanic Family Physician,,,$135,already in CH,4673,refuted_inch,"r4673 'The Thomsonian Materia Medica or Botanic Family Physician / Thomson, S. / 1841 / J. Munsell / 12th' is the same work; B simply spells 'Thomsonian' with a p."
dd4629158a23,scan,A Synopsis of Lectures on Medical Science,,,$175,already in CH,1099,refuted_inch,"r1099 'A Synopsis of Lectures on Medical Science / Curtis, A. / 1846 / Andrew J. Graham / 6th' is the only occurrence of this distinctive Alva Curtis title in CH."
681a9a160dd2,scan,A Compendium of Botanic Materia Medica,Samuel Wagman. Published,1891,$75,already in CH,4900,refuted_inch,"r4900 'A Compendium of Botanic Materia Medica / Waggaman, S. / 1891 / W.H. Morrison' matches B's Samuel Waggaman (typed 'Wagman') and 1891 exactly."
87517f7c6851,scan,"The Code of Health and Longevity, or A Concise View of the Principles Calculated for the Preservation of Health and the Attainment of Long Life",John Sinclair. Published,1807,£10,already in CH,4288,refuted_missing,"CH r4288 ""The Code of Health and Longevity vol 4"" — Sinclair, J., 1807, Archk, Constable & Co., Edinburgh: same author and year (CH also has r320 the 1818 fourth edition under ""Bart, J.S."", i.e. Sir John Sinclair, Bart.)."
2ba4043d5611,scan,,,,,already in CH,4288,straggler,"Identified, not left unidentifiable. The window holds only 'Book. / Page count, 564. / End book.' and the immediately preceding record — The Code of Health and Longevity, John Sinclair, 1807, paid 10 pounds — is missing exactly a page count and a terminator. The two halves dovetail, so this is the tail of the Sinclair record that the segmenter split off, not a separate book. That book is in CH at "
a4e1be72d52a,scan,A Treatise of the Materia Medica and Therapeutics,,,$145,already in CH,1363,refuted_inch,"r1363 'A Treatise of the Materia Medica and Therapeutics / Eberle, J. / 1834 / Grigg & Elliot / 4 th' is the only row carrying this full title including 'and Therapeutics' (Cullen's r1073 and Bigelow's r449 lack it), and B gives no author or year to conflict."
462734a522d3,scan,The Practice of Nature Cure,Henry Lindlar,1931,$1.50,already in CH,2797,straggler,"r2797 'The Practice  of Nature Cure' / Lindlahr, Henry / 1931 / The Nature Cure Library / 27th ed. Matches on every recovered field including the 27th edition heard at 32:03. 'Lindlar' is the ASR spelling of Lindlahr, who appears at r2795, r2796 and r2798 as well."
da9335a22bcf,scan,The Medical Guide,Richard Ries,1814,$40,already in CH,3853,straggler,"The transcript's 'Richard Ries' is Richard REECE, as suspected. r3853 'The Medical Guide for the Use of the Clergy Heads of Families and Practitioners in Medicine and Surgery' / Reece, R. / 1814 / Longman, Hurst, Rees, Orme, and Brown / 'eleventh' / London — year, edition and place all match the dictation. CH carries a second copy at r3854 (same title mis-spelled 'Practtioners', same author/year/p"
f24e65b36e3e,scan,The New Family Herbal,Matthew Robinson. Page,,,already in CH,3958,straggler,"CH holds BOTH herbals of this name, so the sim=1.0 candidate is the wrong row. r3135/r3136 are W. Meyrick's 'The New Family Herbal' (1790, Thomas Pearson, Birmingham) — a different 18th-century work. B's book is Matthew Robinson's, which CH catalogues under its fuller title at r3958 'The New Family Herbal and Botanic Physician' / Robinson, M. / no year / W. Nicholson & Sons / London, with a varian"
579b8eba6768,scan,Primitive Physic,John Wesley. Paid,,£10,already in CH,5040,straggler,"r5040 'Primitive Physic' / Wesley, Rev. J. / John Mason / 38th / London — the only Wesley medical work in CH and the only 'Primitive Physic' row. Wesley wrote exactly one such book, so the distinctive title plus author is decisive even though B has no year (CH's year cell is a corrupted '0.19101747')."
62509561b83c,scan,"Systema Plantarum, Volume 3",John Wesley. Systema Plantarum,,,already in CH,2814,straggler,"r2814 'System Plantarum 3 parts' / Linnaeus, C. / 1780 / Francofvrti ad Moenvm / revised — CH catalogues the whole set on one row, so volume 3 is already covered. The 'John Wesley' in B's author field is repetition-loop filler; the real line at 2:03 names Carolus Linnaeus. Distinct from CH's Species Plantarum rows (r2811, r2812, r2817, r2818), which are a different work."
fdec30e51f50,scan,"Miscellaneous Tracts Relating to Natural History, Husbandry, and Physic",John Wesley. Miscellaneous,,,already in CH,4491,straggler,"r4491 'Miscellaneous Tracts Relatiang to Natural  History Husbandry and Physick' / Stillingfleet, B. / 1675 / J. Dodsley / 3rd — CH's own typos ('Relatiang', 'Physick') and its impossible 1675 date (Dodsley printed the 3rd ed. in 1775) do not change the substance. Only one row of this title exists. B's dictated attribution to Linnaeus and CH's to Stillingfleet are the same book: Stillingfleet tran"
0a7a9164dea0,scan,Pharmacopeia Austriica,John Wesley. Page,1869,£16,already in CH,1737,refuted_inch,"r1737 'Pharmacopoea Austriaca / Giskra, C. / 1869 / Caes. Reg. Aulae et Imperii Typographia / 6th' matches B's 1869 and is a transliteration variant of the same official pharmacopoeia; B's 'John Wesley' author string is bleed-through noise seen throughout this batch."
e75df458535d,scan,A Green Forest,John Mapelet. Published,1930,,excluded: duplicate of another B record,,refuted_missing,"Same physical book recorded twice. The scan record ""A Green Forest"" is raw dictation of the manual record ""A Greene Forest"": John Maplet's herbal in the 1930 Hesperides Press reprint. The dictated author field ""John Mapelet. Published"" is a mangling of ""John Maplet"" with the start of the next dictated phrase run in, and the years match exactly (1930). Keep the manual record: it has author, publish"
33cb680f80e2,scan,,,1825,$25,held back: unidentifiable,,straggler,"no title dictated; only year 1825, 376pp and $25 — not recoverable from the audio"
ca1fed6b6bcf,scan,Materia Medica,John Wesley. Linnaeus Maturia,,,already in CH,2815,straggler,"r2815 'Materia Medica' / Linnaeus, C. / 1749 / Laurentii Salvii / Holmiae. The 13:30 line 'Linnaeus Maturia Medica' is Materia Medica by Linnaeus, so this is the Linnaeus row specifically — not r507 (Boerhaave) or r4495 (Stirling), which share the title exactly but are different works by different authors. The 'John Wesley' author is loop filler."
7cda2ef908b1,scan,"Systema Plantarum, Part 1",Carolus Linnaeus. Part,,£100,already in CH,2814,straggler,"Same CH row as its companion record 62509561b83c: r2814 'System Plantarum 3 parts' / Linnaeus, C. / 1780 covers part 1 as well. B's 'System Plantarum' at 15:11 and 'Systema Plantarum' at 2:03 are the same work dictated twice, and CH's single set row absorbs both part-records."
0b00e1b95abc,scan,Griffith's Medical Botany,,,,already in CH,1857,refuted_missing,"CH r1857 ""Medical Botany"" — Griffith, R.E., 1847, Lea & Blanchard, Philadelphia: the same work, CH storing the title without the possessive author prefix."
a0e9bab3ef15,scan,Culpeper's Complete Herbal,Richard Evans,1814,$1,already in CH,1083,straggler,"r1083 'Culpepers Complete Herbal' / Culpeper, N. / 1814 / Richard Evans / London — an exact match on year and publisher, and it independently confirms the repair's correction that Richard Evans is the publisher rather than the author. CH holds many other Culpeper Complete Herbal printings (r1076, r1082, r1088, r1590, and others) but r1083 is the 1814 Evans one."
cfb4f8a5b0a1,scan,Florographia Britannica,,,£475,already in CH,1186,refuted_missing,"CH r1186 ""Florigraphia Britannica 3 vols"" — Deakin, Richard, 1841, R. Groombridge, London: same work under the Florigraphia/Florographia spelling variant, and CH covers all volumes in that one row."
04b85b8b5062,scan,Florographia Britannica,,,£475,already in CH,1186,refuted_missing,"Same CH row r1186 ""Florigraphia Britannica 3 vols"" (Deakin, Richard, 1841) — this is another volume of the same set (identical £475 price), and CH does not list its volumes separately."
b7f3a4305721,scan,Medical Botany,,,,already in CH,4465,transcript,"identified from the transcript as Stephenson & Churchill, Medical Botany vol 2"
219941b10213,scan,Essays on some of the most important articles of the Materia Medica,G.W. Carpenter,1834,,already in CH,745,refuted_inch,"r745 'Essays on some of the most important articles of the Materia Medica / Carpenter, G.W. / 1834 / George W. Carpenter's Chemical Warehouse / 2nd' matches author, year and edition exactly."
ca7c44e89009,scan,Introduction to the Science of Botany,James Lee,1810,,already in CH,2713,refuted_inch,"r2713 'An Introduction to the Science of Botany / Lee, J. / 1810 / 4th' matches James Lee, year and edition; only the leading 'An' differs."
0b5086571618,scan,The Families of Plants,,,,excluded: duplicate of another B record,3860,adjudicated,
